,date,article_id,source
0,2018-04-06T01:07:53Z,1804.02099v1,arXiv
1,2018-04-06T06:43:23Z,1804.02150v1,arXiv
2,2018-04-06T10:47:26Z,1804.02391v2,arXiv
3,2018-04-06T13:06:01Z,1804.02393v1,arXiv
4,2018-04-06T13:33:37Z,1804.02257v2,arXiv
5,2018-04-06T14:01:00Z,1804.02276v2,arXiv
6,2018-04-06T15:26:36Z,1804.02322v1,arXiv
7,2018-04-06T16:12:51Z,1804.02341v1,arXiv
8,2018-04-06T18:00:00Z,1804.02398v1,arXiv
9,2018-04-06T18:45:54Z,1804.02422v1,arXiv
10,2018-04-06T22:17:18Z,1804.02477v2,arXiv
11,2018-04-07T05:44:19Z,1804.02512v1,arXiv
12,2018-04-07T07:52:04Z,1804.02527v1,arXiv
13,2018-04-07T07:56:29Z,1804.02528v2,arXiv
14,2018-04-07T10:24:04Z,1804.02543v1,arXiv
15,2018-04-07T13:21:51Z,1804.04612v1,arXiv
16,2018-04-07T14:56:38Z,1804.02566v1,arXiv
17,2018-04-07T16:27:33Z,1804.02573v1,arXiv
18,2018-04-07T21:59:46Z,1804.02596v1,arXiv
19,2018-04-08T03:37:36Z,1804.02620v1,arXiv
20,2018-04-08T04:16:45Z,1805.00307v1,arXiv
21,2018-04-08T04:27:09Z,1804.02628v1,arXiv
22,2018-04-08T09:18:56Z,1804.02657v1,arXiv
23,2018-04-08T14:39:13Z,1804.02698v1,arXiv
24,2018-04-08T16:20:17Z,1804.02709v1,arXiv
25,2018-04-08T17:04:58Z,1804.02717v3,arXiv
26,2018-04-08T20:03:07Z,1804.02747v1,arXiv
27,2018-04-08T21:18:55Z,1804.02759v1,arXiv
28,2018-04-08T22:48:20Z,1804.02772v2,arXiv
29,2018-04-09T01:56:53Z,1804.02792v3,arXiv
30,2018-04-09T04:00:30Z,1804.02808v1,arXiv
31,2018-04-09T04:12:08Z,1805.00787v1,arXiv
32,2018-04-09T04:55:27Z,1804.04946v1,arXiv
33,2018-04-09T05:14:26Z,1804.02816v1,arXiv
34,2018-04-09T07:29:33Z,1804.02851v2,arXiv
35,2018-04-09T09:45:29Z,1804.02884v1,arXiv
36,2018-04-09T11:55:22Z,1804.02929v1,arXiv
37,2018-04-09T13:02:35Z,1804.02952v2,arXiv
38,2018-04-09T13:28:56Z,1804.02969v3,arXiv
39,2018-04-09T13:56:41Z,1804.04226v1,arXiv
40,2018-04-09T14:28:15Z,1804.03022v1,arXiv
41,2018-04-09T15:05:56Z,1804.03048v2,arXiv
42,2018-04-09T15:47:36Z,1804.03065v1,arXiv
43,2018-04-09T17:28:00Z,1804.03115v1,arXiv
44,2018-04-09T17:29:44Z,1804.03116v1,arXiv
45,2018-04-09T17:46:33Z,1804.03124v1,arXiv
46,2018-04-09T17:48:23Z,1804.03126v2,arXiv
47,2018-04-09T18:33:29Z,1804.03176v1,arXiv
48,2018-04-09T20:56:03Z,1804.03235v1,arXiv
49,2018-04-10T01:26:00Z,1804.03301v1,arXiv
50,2018-04-10T02:39:41Z,1804.03317v3,arXiv
51,2018-04-10T02:43:35Z,1804.03994v1,arXiv
52,2018-04-10T03:25:31Z,1804.04603v2,arXiv
53,2018-04-10T04:36:58Z,1804.03282v1,arXiv
54,2018-04-10T05:27:49Z,1804.03342v1,arXiv
55,2018-04-10T07:04:19Z,1804.04604v1,arXiv
56,2018-04-10T08:31:03Z,1804.03396v1,arXiv
57,2018-04-10T10:00:36Z,1804.03424v2,arXiv
58,2018-04-10T10:29:14Z,1804.03437v1,arXiv
59,2018-04-10T10:34:36Z,1804.03439v1,arXiv
60,2018-04-10T12:59:53Z,1804.03487v1,arXiv
61,2018-04-10T14:04:18Z,1804.03546v2,arXiv
62,2018-04-10T15:01:50Z,1804.03578v1,arXiv
63,2018-04-10T15:38:59Z,1804.03592v1,arXiv
64,2018-04-10T15:40:29Z,1804.03593v2,arXiv
65,2018-04-10T15:48:18Z,1804.03599v1,arXiv
66,2018-04-10T16:03:16Z,1804.03611v1,arXiv
67,2018-04-11T00:06:36Z,1804.03758v1,arXiv
68,2018-04-11T02:10:55Z,1804.03782v1,arXiv
69,2018-04-11T03:49:22Z,1804.03799v1,arXiv
70,2018-04-11T06:10:48Z,1804.03824v4,arXiv
71,2018-04-11T11:13:35Z,1804.03928v1,arXiv
72,2018-04-11T12:21:18Z,1804.03954v1,arXiv
73,2018-04-11T13:08:26Z,1804.03967v1,arXiv
74,2018-04-11T13:28:07Z,1804.03973v1,arXiv
75,2018-04-11T13:48:08Z,1804.03980v1,arXiv
76,2018-04-11T13:51:19Z,1804.03984v1,arXiv
77,2018-04-11T14:21:53Z,1804.04012v1,arXiv
78,2018-04-11T17:00:27Z,1804.04095v1,arXiv
79,2018-04-11T18:32:25Z,1804.04159v1,arXiv
80,2018-04-11T20:46:33Z,1804.04216v1,arXiv
81,2018-04-11T21:16:39Z,1804.04225v1,arXiv
82,2018-04-11T21:42:32Z,1804.04235v1,arXiv
83,2018-04-12T01:22:50Z,1804.04268v1,arXiv
84,2018-04-12T02:20:47Z,1804.04286v1,arXiv
85,2018-04-12T05:04:34Z,1804.04316v1,arXiv
86,2018-04-12T05:10:33Z,1804.04318v2,arXiv
87,2018-04-12T05:48:06Z,1804.04326v3,arXiv
88,2018-04-12T05:54:13Z,1804.04327v3,arXiv
89,2018-04-12T07:15:20Z,1804.04353v1,arXiv
90,2018-04-12T08:15:17Z,1804.04367v1,arXiv
91,2018-04-12T10:56:44Z,1804.04421v1,arXiv
92,2018-04-12T12:05:28Z,1804.04452v1,arXiv
93,2018-04-12T12:14:18Z,1804.04458v1,arXiv
94,2018-04-12T15:34:23Z,1804.04572v1,arXiv
95,2018-04-12T17:19:36Z,1804.04635v1,arXiv
96,2018-04-12T17:23:56Z,1804.04637v2,arXiv
97,2018-04-12T17:34:41Z,1804.04640v2,arXiv
98,2018-04-12T17:57:19Z,1804.04651v1,arXiv
99,2018-04-12T19:15:34Z,1804.04696v1,arXiv
100,2018-04-12T19:28:59Z,1804.04701v1,arXiv
101,2018-04-13T00:39:45Z,1804.04756v1,arXiv
102,2018-04-13T05:15:28Z,1804.04789v1,arXiv
103,2018-04-13T06:53:00Z,1804.05655v1,arXiv
104,2018-04-13T14:58:51Z,1804.04976v1,arXiv
105,2018-04-13T15:47:00Z,1804.05002v1,arXiv
106,2018-04-13T16:24:17Z,1804.05012v2,arXiv
107,2018-04-13T17:22:17Z,1804.05044v4,arXiv
108,2018-04-13T17:36:13Z,1804.05051v1,arXiv
109,2018-04-13T18:54:30Z,1804.05090v1,arXiv
110,2018-04-13T19:29:40Z,1804.05092v1,arXiv
111,2018-04-13T20:11:02Z,1804.05106v1,arXiv
112,2018-04-14T05:27:34Z,1804.08711v2,arXiv
113,2018-04-14T08:27:41Z,1804.05184v1,arXiv
114,2018-04-14T12:36:00Z,1804.05212v1,arXiv
115,2018-04-14T18:24:06Z,1804.05260v1,arXiv
116,2018-04-14T22:22:21Z,1804.05283v1,arXiv
117,2018-04-14T23:17:07Z,1804.05834v1,arXiv
118,2018-04-15T08:28:15Z,1804.05320v1,arXiv
119,2018-04-15T12:33:55Z,1804.05348v2,arXiv
120,2018-04-15T15:52:16Z,1804.05374v2,arXiv
121,2018-04-15T21:48:28Z,1804.05435v1,arXiv
122,2018-04-15T23:04:57Z,1804.05448v1,arXiv
123,2018-04-16T03:17:29Z,1804.05490v1,arXiv
124,2018-04-16T07:53:28Z,1804.05534v1,arXiv
125,2018-04-16T09:04:11Z,1804.05560v1,arXiv
126,2018-04-16T12:04:03Z,1804.05839v3,arXiv
127,2018-04-16T14:19:06Z,1804.05697v1,arXiv
128,2018-04-16T15:32:39Z,1804.05741v1,arXiv
129,2018-04-16T15:54:00Z,1804.05757v1,arXiv
130,2018-04-16T16:58:37Z,1804.05788v1,arXiv
131,2018-04-16T17:12:31Z,1804.05796v1,arXiv
132,2018-04-16T17:24:26Z,1804.05804v1,arXiv
133,2018-04-16T18:54:11Z,1804.05892v1,arXiv
134,2018-04-16T19:33:39Z,1804.05906v1,arXiv
135,2018-04-16T20:00:41Z,1804.05917v1,arXiv
136,2018-04-16T20:15:06Z,1804.05924v1,arXiv
137,2018-04-16T20:44:28Z,1804.05929v1,arXiv
138,2018-04-16T21:38:40Z,1804.05950v1,arXiv
139,2018-04-16T22:13:40Z,1804.05960v1,arXiv
140,2018-04-17T01:05:45Z,1804.05997v2,arXiv
141,2018-04-17T02:52:30Z,1804.06020v1,arXiv
142,2018-04-17T07:00:42Z,1804.06896v2,arXiv
143,2018-04-17T07:12:58Z,1804.06078v1,arXiv
144,2018-04-17T07:47:33Z,1804.06774v1,arXiv
145,2018-04-17T07:54:55Z,1804.06087v1,arXiv
146,2018-04-17T07:56:15Z,1804.06088v1,arXiv
147,2018-04-17T08:54:19Z,1804.06111v1,arXiv
148,2018-04-17T12:09:02Z,1804.06188v2,arXiv
149,2018-04-17T13:24:03Z,1804.06223v2,arXiv
150,2018-04-17T13:58:04Z,1804.06264v1,arXiv
151,2018-04-17T15:28:01Z,1804.06318v1,arXiv
152,2018-04-17T15:47:37Z,1804.06331v1,arXiv
153,2018-04-17T18:26:00Z,1804.06424v1,arXiv
154,2018-04-17T19:11:14Z,1804.06439v3,arXiv
155,2018-04-17T19:16:09Z,1804.06404v1,arXiv
156,2018-04-17T19:39:26Z,1804.06451v2,arXiv
157,2018-04-17T20:03:25Z,1804.06458v1,arXiv
158,2018-04-17T20:04:09Z,1804.06459v2,arXiv
159,2018-04-17T20:24:27Z,1804.06461v1,arXiv
160,2018-04-17T23:59:50Z,1804.07152v2,arXiv
161,2018-04-18T09:35:38Z,1804.06620v2,arXiv
162,2018-04-18T10:50:57Z,1804.06647v1,arXiv
163,2018-04-18T12:30:18Z,1804.06682v2,arXiv
164,2018-04-18T14:10:10Z,1804.06748v2,arXiv
165,2018-04-18T14:32:35Z,1804.06760v3,arXiv
166,2018-04-18T14:33:44Z,1804.06763v1,arXiv
167,2018-04-18T14:34:08Z,1804.06764v1,arXiv
168,2018-04-18T14:48:21Z,1804.06769v2,arXiv
169,2018-04-18T17:11:29Z,1804.06819v1,arXiv
170,2018-04-18T18:39:17Z,1804.06870v1,arXiv
171,2018-04-18T18:51:00Z,1804.06876v1,arXiv
172,2018-04-18T19:35:35Z,1804.06885v2,arXiv
173,2018-04-18T19:49:15Z,1804.06894v1,arXiv
174,2018-04-18T19:55:18Z,1804.06898v2,arXiv
175,2018-04-18T20:27:45Z,1804.06907v1,arXiv
176,2018-04-18T21:38:48Z,1804.06923v1,arXiv
177,2018-04-18T23:11:05Z,1804.06943v1,arXiv
178,2018-04-19T06:39:49Z,1804.07013v1,arXiv
179,2018-04-19T08:12:50Z,1804.07031v1,arXiv
180,2018-04-19T09:21:06Z,1804.07047v2,arXiv
181,2018-04-19T09:42:01Z,1804.08426v1,arXiv
182,2018-04-19T11:16:22Z,1804.07088v1,arXiv
183,2018-04-19T11:17:41Z,1804.07090v3,arXiv
184,2018-04-19T11:45:14Z,1804.07099v2,arXiv
185,2018-04-19T12:48:52Z,1804.07121v1,arXiv
186,2018-04-19T14:02:07Z,1804.07178v2,arXiv
187,2018-04-19T14:29:41Z,1804.07193v3,arXiv
188,2018-04-19T16:47:04Z,1804.07269v1,arXiv
189,2018-04-19T16:57:25Z,1804.07274v1,arXiv
190,2018-04-19T18:37:40Z,1804.07331v1,arXiv
191,2018-04-19T23:30:37Z,1804.07404v1,arXiv
192,2018-04-20T01:29:47Z,1804.07419v2,arXiv
193,2018-04-20T01:34:15Z,1804.08401v1,arXiv
194,2018-04-20T02:43:41Z,1804.07433v2,arXiv
195,2018-04-20T05:07:14Z,1804.07757v1,arXiv
196,2018-04-20T06:29:05Z,1804.07758v1,arXiv
197,2018-04-20T06:45:28Z,1804.07464v1,arXiv
198,2018-04-20T08:04:32Z,1804.07759v2,arXiv
199,2018-04-20T12:11:26Z,1804.07571v2,arXiv
200,2018-04-20T15:51:14Z,1804.07691v1,arXiv
201,2018-04-20T16:47:39Z,1804.07718v2,arXiv
202,2018-04-20T18:04:37Z,1804.07777v1,arXiv
203,2018-04-20T18:16:43Z,1804.07779v3,arXiv
204,2018-04-20T19:17:46Z,1804.07805v1,arXiv
205,2018-04-20T20:44:09Z,1804.07819v1,arXiv
206,2018-04-20T23:06:44Z,1804.07855v1,arXiv
207,2018-04-21T01:48:38Z,1804.07875v1,arXiv
208,2018-04-21T03:15:25Z,1804.07882v1,arXiv
209,2018-04-21T08:27:14Z,1804.07918v1,arXiv
210,2018-04-21T10:44:20Z,1804.07941v1,arXiv
211,2018-04-21T11:17:26Z,1804.07946v2,arXiv
212,2018-04-21T16:32:07Z,1804.07995v1,arXiv
213,2018-04-21T19:15:19Z,1804.08010v1,arXiv
214,2018-04-21T21:59:24Z,1804.08032v1,arXiv
215,2018-04-21T22:01:19Z,1804.08033v3,arXiv
216,2018-04-22T00:53:20Z,1804.08052v1,arXiv
217,2018-04-22T03:20:56Z,1804.08062v1,arXiv
218,2018-04-22T05:08:52Z,1804.08069v1,arXiv
219,2018-04-22T11:08:07Z,1804.08096v1,arXiv
220,2018-04-22T13:44:18Z,1805.05855v1,arXiv
221,2018-04-22T14:26:28Z,1804.08117v1,arXiv
222,2018-04-22T17:05:51Z,1804.08138v1,arXiv
223,2018-04-22T17:13:06Z,1804.08139v1,arXiv
224,2018-04-22T18:27:34Z,1804.08150v2,arXiv
225,2018-04-22T19:06:50Z,1805.00326v1,arXiv
226,2018-04-22T20:09:13Z,1804.09540v1,arXiv
227,2018-04-22T22:30:30Z,1804.08186v1,arXiv
228,2018-04-22T22:36:00Z,1804.08187v1,arXiv
229,2018-04-23T00:47:48Z,1804.08204v1,arXiv
230,2018-04-23T00:58:58Z,1804.08206v1,arXiv
231,2018-04-23T01:57:30Z,1804.08219v2,arXiv
232,2018-04-23T02:46:36Z,1804.08229v1,arXiv
233,2018-04-23T06:33:53Z,1804.08256v1,arXiv
234,2018-04-23T09:01:57Z,1804.08293v1,arXiv
235,2018-04-23T09:06:08Z,1804.08299v1,arXiv
236,2018-04-23T10:02:29Z,1804.08316v1,arXiv
237,2018-04-23T10:46:28Z,1804.08328v1,arXiv
238,2018-04-23T11:33:43Z,1804.09541v1,arXiv
239,2018-04-23T11:57:21Z,1804.08617v1,arXiv
240,2018-04-23T12:49:04Z,1804.08378v1,arXiv
241,2018-04-23T13:22:22Z,1804.08619v1,arXiv
242,2018-04-23T14:11:17Z,1804.08454v1,arXiv
243,2018-04-23T14:35:59Z,1804.08473v2,arXiv
244,2018-04-23T14:51:46Z,1805.00314v1,arXiv
245,2018-04-23T15:17:26Z,1804.08497v1,arXiv
246,2018-04-23T16:51:47Z,1804.08557v2,arXiv
247,2018-04-23T17:44:29Z,1804.08597v1,arXiv
248,2018-04-23T17:58:26Z,1804.08606v1,arXiv
249,2018-04-23T17:58:27Z,1804.08607v1,arXiv
250,2018-04-23T18:55:05Z,1804.08667v1,arXiv
251,2018-04-23T21:28:04Z,1804.08748v1,arXiv
252,2018-04-23T21:29:56Z,1804.08750v1,arXiv
253,2018-04-24T01:24:35Z,1804.08798v1,arXiv
254,2018-04-24T03:59:48Z,1804.08833v1,arXiv
255,2018-04-24T04:04:27Z,1804.08834v3,arXiv
256,2018-04-24T09:35:27Z,1804.08924v2,arXiv
257,2018-04-24T12:26:37Z,1804.08984v3,arXiv
258,2018-04-24T13:35:11Z,1804.09021v2,arXiv
259,2018-04-24T13:52:35Z,1804.09046v4,arXiv
260,2018-04-24T14:30:56Z,1804.09066v2,arXiv
261,2018-04-24T15:34:33Z,1804.09558v2,arXiv
262,2018-04-24T16:50:54Z,1804.09133v2,arXiv
263,2018-04-24T17:20:36Z,1804.09153v1,arXiv
264,2018-04-24T17:41:24Z,1804.09160v2,arXiv
265,2018-04-24T20:10:18Z,1804.09236v1,arXiv
266,2018-04-24T20:19:09Z,1804.09238v2,arXiv
267,2018-04-25T00:32:45Z,1804.09299v1,arXiv
268,2018-04-25T00:56:41Z,1804.09304v1,arXiv
269,2018-04-25T07:35:39Z,1804.09399v2,arXiv
270,2018-04-25T07:39:36Z,1804.09400v1,arXiv
271,2018-04-25T10:24:41Z,1804.09465v1,arXiv
272,2018-04-25T10:38:00Z,1804.09472v1,arXiv
273,2018-04-25T10:40:40Z,1804.09473v1,arXiv
274,2018-04-25T12:09:01Z,1804.09502v1,arXiv
275,2018-04-25T12:38:06Z,1804.09521v2,arXiv
276,2018-04-25T13:22:38Z,1804.09539v1,arXiv
277,2018-04-25T14:33:20Z,1804.09596v1,arXiv
278,2018-04-25T15:41:15Z,1804.09635v1,arXiv
279,2018-04-25T16:38:08Z,1804.09671v2,arXiv
280,2018-04-25T17:31:18Z,1804.10068v1,arXiv
281,2018-04-25T17:35:50Z,1804.09690v2,arXiv
282,2018-04-25T18:00:01Z,1804.09720v1,arXiv
283,2018-04-25T21:24:46Z,1804.10201v1,arXiv
284,2018-04-25T22:03:27Z,1804.09817v1,arXiv
285,2018-04-25T22:40:03Z,1804.11195v1,arXiv
286,2018-04-26T00:43:49Z,1804.09843v1,arXiv
287,2018-04-26T01:24:39Z,1804.09849v2,arXiv
288,2018-04-26T02:10:05Z,1804.09855v1,arXiv
289,2018-04-26T02:10:22Z,1804.09856v1,arXiv
290,2018-04-26T07:14:59Z,1805.00462v1,arXiv
291,2018-04-26T08:11:16Z,1804.10202v1,arXiv
292,2018-04-26T11:37:03Z,1804.09997v1,arXiv
293,2018-04-26T11:42:39Z,1804.10001v1,arXiv
294,2018-04-26T12:53:58Z,1804.10028v1,arXiv
295,2018-04-26T12:56:51Z,1804.10520v1,arXiv
296,2018-04-26T13:57:17Z,1804.10069v1,arXiv
297,2018-04-26T14:10:41Z,1804.10073v1,arXiv
298,2018-04-26T14:29:27Z,1804.10521v1,arXiv
299,2018-04-26T16:09:51Z,1804.10140v2,arXiv
300,2018-04-26T16:42:38Z,1804.10163v1,arXiv
301,2018-04-26T17:39:28Z,1804.10188v4,arXiv
302,2018-04-26T17:58:45Z,1804.10200v1,arXiv
303,2018-04-26T18:22:02Z,1804.10227v1,arXiv
304,2018-04-26T19:05:30Z,1804.10247v1,arXiv
305,2018-04-27T03:42:55Z,1804.10332v2,arXiv
306,2018-04-27T08:39:43Z,1804.10392v1,arXiv
307,2018-04-27T11:00:54Z,1804.10437v1,arXiv
308,2018-04-27T11:06:29Z,1805.00851v1,arXiv
309,2018-04-27T11:27:45Z,1805.00460v1,arXiv
310,2018-04-27T11:32:49Z,1804.10447v1,arXiv
311,2018-04-27T12:34:24Z,1804.10467v1,arXiv
312,2018-04-27T12:44:04Z,1805.00873v1,arXiv
313,2018-04-27T14:55:38Z,1804.10544v1,arXiv
314,2018-04-27T15:13:29Z,1804.11214v2,arXiv
315,2018-04-27T16:53:51Z,1804.10587v1,arXiv
316,2018-04-27T17:34:05Z,1804.10601v2,arXiv
317,2018-04-27T20:08:38Z,1804.10669v1,arXiv
318,2018-04-27T21:16:40Z,1804.10689v2,arXiv
319,2018-04-27T23:15:20Z,1804.10711v1,arXiv
320,2018-04-28T01:19:51Z,1804.10718v1,arXiv
321,2018-04-28T09:11:34Z,1804.10764v1,arXiv
322,2018-04-28T09:12:38Z,1804.10765v1,arXiv
323,2018-04-28T15:09:10Z,1804.10817v1,arXiv
324,2018-04-28T15:37:41Z,1804.10822v1,arXiv
325,2018-04-28T16:37:01Z,1804.10829v3,arXiv
326,2018-04-28T22:14:29Z,1804.10850v1,arXiv
327,2018-04-29T09:40:46Z,1804.10899v2,arXiv
328,2018-04-29T12:49:29Z,1804.10922v1,arXiv
329,2018-04-29T14:18:07Z,1804.10938v3,arXiv
330,2018-04-29T16:18:12Z,1804.10960v1,arXiv
331,2018-04-29T17:38:20Z,1804.10969v2,arXiv
332,2018-04-29T21:20:43Z,1804.10992v1,arXiv
333,2018-04-29T23:00:54Z,1804.10999v3,arXiv
334,2018-04-29T23:14:29Z,1804.11002v1,arXiv
335,2018-04-30T02:09:25Z,1804.11022v1,arXiv
336,2018-04-30T03:49:22Z,1805.00503v1,arXiv
337,2018-04-30T04:33:09Z,1804.11044v1,arXiv
338,2018-04-30T05:04:01Z,1804.11049v1,arXiv
339,2018-04-30T07:55:55Z,1804.11067v1,arXiv
340,2018-04-30T09:54:12Z,1804.11105v1,arXiv
341,2018-04-30T10:06:46Z,1804.11109v1,arXiv
342,2018-04-30T11:41:48Z,1804.11130v3,arXiv
343,2018-04-30T13:49:44Z,1804.11192v3,arXiv
344,2018-04-30T18:00:00Z,1805.00013v4,arXiv
345,2018-04-30T18:00:01Z,1805.00020v4,arXiv
346,2018-04-30T19:08:53Z,1805.00061v1,arXiv
347,2018-04-30T20:36:41Z,1805.00090v1,arXiv
348,2018-04-30T22:38:05Z,1805.00121v2,arXiv
349,2018-05-01T01:13:01Z,1805.00145v1,arXiv
350,2018-05-01T02:14:00Z,1805.00150v1,arXiv
351,2018-05-01T03:04:31Z,1805.00165v1,arXiv
352,2018-05-01T04:41:58Z,1805.00184v1,arXiv
353,2018-05-01T04:54:45Z,1805.00185v1,arXiv
354,2018-05-01T05:52:12Z,1805.00195v1,arXiv
355,2018-05-01T07:16:24Z,1805.00215v4,arXiv
356,2018-05-01T09:39:19Z,1805.00254v1,arXiv
357,2018-05-01T13:17:39Z,1805.00316v3,arXiv
358,2018-05-01T14:12:57Z,1805.00355v1,arXiv
359,2018-05-02T00:37:05Z,1805.00587v3,arXiv
360,2018-05-02T05:22:56Z,1805.00630v1,arXiv
361,2018-05-02T05:37:42Z,1805.00634v2,arXiv
362,2018-05-02T06:16:50Z,1805.00643v1,arXiv
363,2018-05-02T07:58:55Z,1805.00660v1,arXiv
364,2018-05-02T08:25:30Z,1805.03696v1,arXiv
365,2018-05-02T10:03:13Z,1805.00705v2,arXiv
366,2018-05-02T10:59:36Z,1805.00728v1,arXiv
367,2018-05-02T11:33:45Z,1805.00741v1,arXiv
368,2018-05-02T11:58:28Z,1805.00751v1,arXiv
369,2018-05-02T13:06:58Z,1805.00779v1,arXiv
370,2018-05-02T15:48:11Z,1805.00878v1,arXiv
371,2018-05-02T16:34:01Z,1805.00900v1,arXiv
372,2018-05-02T17:11:20Z,1805.00909v3,arXiv
373,2018-05-02T17:16:48Z,1805.00912v2,arXiv
374,2018-05-02T19:03:37Z,1805.00983v2,arXiv
375,2018-05-02T22:43:03Z,1805.01048v1,arXiv
376,2018-05-03T00:10:10Z,1805.01060v1,arXiv
377,2018-05-03T04:26:48Z,1805.01109v2,arXiv
378,2018-05-03T07:21:43Z,1805.01141v1,arXiv
379,2018-05-03T08:13:48Z,1805.01157v3,arXiv
380,2018-05-03T09:57:13Z,1805.01825v1,arXiv
381,2018-05-03T10:47:31Z,1805.01214v1,arXiv
382,2018-05-03T10:53:54Z,1805.01217v1,arXiv
383,2018-05-03T12:54:27Z,1805.01270v1,arXiv
384,2018-05-03T13:08:47Z,1805.01276v2,arXiv
385,2018-05-03T14:45:54Z,1805.01333v1,arXiv
386,2018-05-03T15:13:02Z,1805.01361v2,arXiv
387,2018-05-03T15:20:10Z,1805.01367v1,arXiv
388,2018-05-03T15:21:44Z,1805.01369v1,arXiv
389,2018-05-03T15:28:44Z,1805.01374v3,arXiv
390,2018-05-03T16:02:24Z,1805.01388v1,arXiv
391,2018-05-03T16:06:51Z,1805.01396v1,arXiv
392,2018-05-03T16:42:20Z,1805.01416v1,arXiv
393,2018-05-03T17:35:45Z,1805.01442v1,arXiv
394,2018-05-03T17:54:44Z,1805.01452v3,arXiv
395,2018-05-03T18:47:43Z,1805.01509v1,arXiv
396,2018-05-03T19:36:43Z,1805.01890v2,arXiv
397,2018-05-03T23:07:44Z,1805.01568v1,arXiv
398,2018-05-04T07:11:53Z,1805.01627v1,arXiv
399,2018-05-04T09:22:13Z,1805.01676v1,arXiv
400,2018-05-04T10:37:27Z,1805.01702v1,arXiv
401,2018-05-04T12:53:05Z,1805.01745v1,arXiv
402,2018-05-04T13:40:07Z,1805.01772v1,arXiv
403,2018-05-04T15:47:33Z,1805.01831v1,arXiv
404,2018-05-04T16:13:36Z,1805.01837v1,arXiv
405,2018-05-04T16:43:34Z,1805.02590v1,arXiv
406,2018-05-04T18:07:21Z,1805.01907v2,arXiv
407,2018-05-04T22:36:58Z,1805.01954v2,arXiv
408,2018-05-04T22:45:08Z,1805.01956v1,arXiv
409,2018-05-04T23:14:36Z,1805.01960v1,arXiv
410,2018-05-05T03:07:19Z,1805.01987v2,arXiv
411,2018-05-05T15:34:03Z,1805.02070v1,arXiv
412,2018-05-05T18:46:46Z,1805.02102v1,arXiv
413,2018-05-05T20:56:03Z,1805.02114v1,arXiv
414,2018-05-06T03:49:48Z,1805.02146v1,arXiv
415,2018-05-06T07:38:42Z,1805.02164v1,arXiv
416,2018-05-06T10:07:13Z,1805.02181v1,arXiv
417,2018-05-06T12:30:22Z,1805.03138v1,arXiv
418,2018-05-06T13:09:17Z,1805.02205v2,arXiv
419,2018-05-06T15:49:04Z,1805.03108v1,arXiv
420,2018-05-06T16:32:19Z,1805.02241v1,arXiv
421,2018-05-06T18:43:34Z,1805.02264v1,arXiv
422,2018-05-06T22:59:22Z,1805.02290v1,arXiv
423,2018-05-07T00:58:07Z,1805.02303v1,arXiv
424,2018-05-07T06:12:32Z,1805.02356v1,arXiv
425,2018-05-07T06:48:41Z,1805.02363v1,arXiv
426,2018-05-07T07:21:42Z,1805.05408v1,arXiv
427,2018-05-07T08:22:57Z,1805.02393v2,arXiv
428,2018-05-07T08:48:18Z,1805.02404v1,arXiv
429,2018-05-07T09:03:14Z,1805.02408v2,arXiv
430,2018-05-07T12:49:04Z,1805.02481v2,arXiv
431,2018-05-07T18:00:02Z,1805.02664v2,arXiv
432,2018-05-07T18:22:51Z,1805.02682v1,arXiv
433,2018-05-07T18:33:43Z,1805.02686v1,arXiv
434,2018-05-07T19:43:26Z,1805.02716v1,arXiv
435,2018-05-07T21:32:56Z,1805.02754v1,arXiv
436,2018-05-07T22:18:24Z,1805.08698v1,arXiv
437,2018-05-08T00:12:43Z,1805.02785v3,arXiv
438,2018-05-08T06:46:03Z,1805.02856v1,arXiv
439,2018-05-08T07:08:13Z,1805.02859v1,arXiv
440,2018-05-08T07:15:53Z,1805.02861v2,arXiv
441,2018-05-08T07:34:17Z,1805.02867v2,arXiv
442,2018-05-08T07:52:19Z,1805.02874v1,arXiv
443,2018-05-08T08:35:52Z,1805.02895v1,arXiv
444,2018-05-08T08:38:58Z,1805.02896v2,arXiv
445,2018-05-08T09:20:21Z,1805.02912v1,arXiv
446,2018-05-08T12:23:54Z,1805.02971v1,arXiv
447,2018-05-08T14:30:19Z,1805.03054v1,arXiv
448,2018-05-08T15:08:40Z,1805.03090v1,arXiv
449,2018-05-08T15:11:18Z,1805.03094v1,arXiv
450,2018-05-08T15:30:20Z,1805.03107v3,arXiv
451,2018-05-08T16:22:25Z,1805.03141v1,arXiv
452,2018-05-08T16:56:15Z,1805.03162v1,arXiv
453,2018-05-08T19:54:47Z,1805.03257v1,arXiv
454,2018-05-09T02:45:38Z,1806.01775v1,arXiv
455,2018-05-09T03:11:29Z,1805.03359v1,arXiv
456,2018-05-09T03:44:13Z,1805.03362v3,arXiv
457,2018-05-09T03:56:24Z,1805.03364v1,arXiv
458,2018-05-09T04:06:30Z,1805.03642v3,arXiv
459,2018-05-09T04:41:26Z,1805.03643v1,arXiv
460,2018-05-09T05:38:14Z,1805.06511v1,arXiv
461,2018-05-09T05:44:19Z,1805.03379v1,arXiv
462,2018-05-09T05:57:29Z,1805.03382v1,arXiv
463,2018-05-09T09:41:51Z,1805.03435v1,arXiv
464,2018-05-09T10:04:28Z,1805.03441v1,arXiv
465,2018-05-09T14:14:08Z,1805.03545v1,arXiv
466,2018-05-09T14:28:42Z,1805.03553v1,arXiv
467,2018-05-09T15:21:09Z,1805.03584v1,arXiv
468,2018-05-09T15:23:58Z,1805.03586v1,arXiv
469,2018-05-09T15:46:35Z,1805.03597v1,arXiv
470,2018-05-09T16:56:41Z,1805.03616v2,arXiv
471,2018-05-09T18:10:02Z,1805.03677v1,arXiv
472,2018-05-09T20:03:37Z,1805.03714v1,arXiv
473,2018-05-09T20:05:58Z,1805.03716v1,arXiv
474,2018-05-09T20:20:41Z,1805.03720v1,arXiv
475,2018-05-09T22:10:19Z,1805.03743v1,arXiv
476,2018-05-10T01:13:44Z,1805.03771v1,arXiv
477,2018-05-10T03:39:32Z,1805.03801v1,arXiv
478,2018-05-10T04:28:49Z,1805.03812v1,arXiv
479,2018-05-10T05:47:46Z,1805.03830v1,arXiv
480,2018-05-10T06:10:46Z,1805.06525v1,arXiv
481,2018-05-10T06:11:27Z,1805.06524v1,arXiv
482,2018-05-10T06:56:53Z,1805.03852v2,arXiv
483,2018-05-10T08:30:37Z,1805.03876v1,arXiv
484,2018-05-10T08:39:40Z,1805.03885v2,arXiv
485,2018-05-10T08:41:55Z,1805.03887v1,arXiv
486,2018-05-10T09:11:43Z,1805.06502v2,arXiv
487,2018-05-10T11:38:45Z,1805.04107v1,arXiv
488,2018-05-10T14:11:51Z,1805.03989v2,arXiv
489,2018-05-10T14:42:00Z,1805.04007v2,arXiv
490,2018-05-10T15:43:44Z,1805.04025v1,arXiv
491,2018-05-10T15:56:48Z,1805.04032v2,arXiv
492,2018-05-10T16:28:44Z,1805.04049v1,arXiv
493,2018-05-10T16:51:40Z,1805.04058v1,arXiv
494,2018-05-10T17:24:03Z,1805.04069v1,arXiv
495,2018-05-10T17:56:37Z,1805.04101v2,arXiv
496,2018-05-10T20:00:50Z,1805.04514v1,arXiv
497,2018-05-10T20:05:59Z,1805.04156v1,arXiv
498,2018-05-10T22:17:51Z,1805.04193v1,arXiv
499,2018-05-10T22:56:45Z,1805.04201v1,arXiv
500,2018-05-11T00:43:59Z,1805.04212v1,arXiv
501,2018-05-11T01:53:05Z,1805.04220v1,arXiv
502,2018-05-11T03:17:21Z,1805.04234v2,arXiv
503,2018-05-11T04:06:39Z,1805.04238v2,arXiv
504,2018-05-11T06:13:56Z,1805.04247v2,arXiv
505,2018-05-11T06:55:32Z,1805.04253v1,arXiv
506,2018-05-11T08:28:55Z,1805.04272v2,arXiv
507,2018-05-11T13:41:54Z,1805.04396v1,arXiv
508,2018-05-11T14:30:21Z,1805.04419v1,arXiv
509,2018-05-11T14:30:30Z,1805.05409v1,arXiv
510,2018-05-11T17:12:11Z,1805.04493v1,arXiv
511,2018-05-11T18:12:19Z,1805.05773v1,arXiv
512,2018-05-11T20:23:35Z,1805.04582v1,arXiv
513,2018-05-11T23:13:34Z,1805.04617v1,arXiv
514,2018-05-12T03:08:58Z,1805.06503v1,arXiv
515,2018-05-12T06:00:47Z,1805.04661v1,arXiv
516,2018-05-12T07:52:59Z,1805.04680v1,arXiv
517,2018-05-12T15:24:32Z,1805.06504v1,arXiv
518,2018-05-12T16:42:55Z,1805.04748v1,arXiv
519,2018-05-12T16:53:53Z,1805.04749v1,arXiv
520,2018-05-12T17:05:56Z,1805.04752v1,arXiv
521,2018-05-12T19:48:50Z,1805.04770v2,arXiv
522,2018-05-12T23:45:24Z,1805.04798v2,arXiv
523,2018-05-13T01:07:32Z,1805.04803v1,arXiv
524,2018-05-13T02:32:48Z,1805.04810v1,arXiv
525,2018-05-13T03:35:09Z,1805.04813v2,arXiv
526,2018-05-13T06:19:14Z,1805.04829v1,arXiv
527,2018-05-13T14:20:11Z,1805.08588v1,arXiv
528,2018-05-13T15:16:47Z,1805.07297v1,arXiv
529,2018-05-13T16:46:36Z,1805.04912v1,arXiv
530,2018-05-13T19:04:50Z,1805.04928v2,arXiv
531,2018-05-13T19:13:16Z,1805.09137v1,arXiv
532,2018-05-13T21:35:08Z,1805.04955v1,arXiv
533,2018-05-13T21:44:19Z,1805.04961v1,arXiv
534,2018-05-14T01:32:02Z,1805.04980v1,arXiv
535,2018-05-14T08:08:33Z,1805.05052v4,arXiv
536,2018-05-14T09:23:26Z,1805.05081v2,arXiv
537,2018-05-14T09:41:23Z,1805.05086v1,arXiv
538,2018-05-14T12:22:43Z,1805.05138v1,arXiv
539,2018-05-14T12:38:44Z,1805.05144v2,arXiv
540,2018-05-14T15:23:40Z,1805.05225v2,arXiv
541,2018-05-14T15:29:26Z,1805.05230v1,arXiv
542,2018-05-14T15:57:03Z,1805.05250v4,arXiv
543,2018-05-14T16:57:36Z,1805.05287v2,arXiv
544,2018-05-14T18:00:03Z,1805.05345v1,arXiv
545,2018-05-14T18:50:11Z,1805.05377v1,arXiv
546,2018-05-14T19:11:33Z,1805.05388v1,arXiv
547,2018-05-14T21:02:28Z,1805.05445v1,arXiv
548,2018-05-14T21:13:04Z,1805.05447v1,arXiv
549,2018-05-14T21:23:07Z,1805.05451v2,arXiv
550,2018-05-14T21:31:59Z,1805.05456v1,arXiv
551,2018-05-14T21:33:44Z,1805.05462v1,arXiv
552,2018-05-14T23:10:28Z,1805.05492v1,arXiv
553,2018-05-15T01:20:18Z,1805.05518v1,arXiv
554,2018-05-15T02:53:36Z,1805.05537v1,arXiv
555,2018-05-15T03:01:00Z,1805.05540v1,arXiv
556,2018-05-15T06:11:55Z,1805.05579v1,arXiv
557,2018-05-15T07:05:52Z,1805.09687v1,arXiv
558,2018-05-15T07:22:24Z,1805.05603v1,arXiv
559,2018-05-15T07:58:26Z,1805.05616v1,arXiv
560,2018-05-15T08:15:40Z,1805.05622v1,arXiv
561,2018-05-15T08:32:42Z,1805.05638v1,arXiv
562,2018-05-15T11:40:50Z,1805.05714v1,arXiv
563,2018-05-15T13:51:31Z,1805.05769v1,arXiv
564,2018-05-15T14:46:45Z,1805.05827v1,arXiv
565,2018-05-15T15:12:45Z,1805.05838v1,arXiv
566,2018-05-15T15:42:35Z,1805.05859v1,arXiv
567,2018-05-15T17:53:58Z,1805.05935v1,arXiv
568,2018-05-15T18:00:08Z,1805.05961v1,arXiv
569,2018-05-15T18:15:26Z,1805.05974v1,arXiv
570,2018-05-15T20:15:05Z,1805.06020v2,arXiv
571,2018-05-15T23:03:01Z,1805.06061v1,arXiv
572,2018-05-15T23:13:23Z,1805.06064v1,arXiv
573,2018-05-16T00:21:40Z,1806.01110v1,arXiv
574,2018-05-16T01:19:43Z,1805.06085v2,arXiv
575,2018-05-16T02:51:10Z,1805.06104v1,arXiv
576,2018-05-16T03:05:40Z,1805.06454v1,arXiv
577,2018-05-16T04:37:01Z,1805.06126v1,arXiv
578,2018-05-16T06:21:02Z,1805.06146v1,arXiv
579,2018-05-16T06:25:21Z,1805.06148v1,arXiv
580,2018-05-16T09:59:20Z,1805.06217v1,arXiv
581,2018-05-16T10:51:56Z,1805.06242v2,arXiv
582,2018-05-16T11:24:07Z,1805.06247v1,arXiv
583,2018-05-16T11:30:56Z,1805.06248v1,arXiv
584,2018-05-16T11:41:52Z,1805.06250v1,arXiv
585,2018-05-16T11:51:52Z,1805.06254v1,arXiv
586,2018-05-16T12:58:18Z,1805.06280v1,arXiv
587,2018-05-16T13:23:48Z,1805.06297v2,arXiv
588,2018-05-16T14:03:43Z,1805.06338v1,arXiv
589,2018-05-16T15:28:39Z,1805.06368v2,arXiv
590,2018-05-16T21:40:52Z,1805.06534v2,arXiv
591,2018-05-16T22:04:28Z,1805.06539v1,arXiv
592,2018-05-16T22:08:28Z,1805.12069v1,arXiv
593,2018-05-16T22:50:17Z,1805.06549v1,arXiv
594,2018-05-17T02:43:02Z,1805.07233v1,arXiv
595,2018-05-17T03:07:50Z,1805.07196v1,arXiv
596,2018-05-17T03:39:23Z,1805.06593v2,arXiv
597,2018-05-17T05:18:11Z,1805.06603v2,arXiv
598,2018-05-17T05:51:00Z,1805.06606v1,arXiv
599,2018-05-17T06:08:37Z,1805.06610v1,arXiv
600,2018-05-17T07:12:18Z,1805.06621v1,arXiv
601,2018-05-17T07:37:33Z,1805.06632v1,arXiv
602,2018-05-17T09:18:14Z,1805.07239v1,arXiv
603,2018-05-17T09:19:35Z,1805.06664v1,arXiv
604,2018-05-17T09:20:52Z,1805.06665v1,arXiv
605,2018-05-17T10:37:50Z,1805.06689v1,arXiv
606,2018-05-17T10:43:04Z,1805.07274v1,arXiv
607,2018-05-17T13:29:33Z,1805.06753v1,arXiv
608,2018-05-17T15:31:22Z,1805.06822v3,arXiv
609,2018-05-17T15:36:42Z,1805.06824v3,arXiv
610,2018-05-17T17:05:30Z,1805.06861v1,arXiv
611,2018-05-17T17:06:07Z,1805.06864v1,arXiv
612,2018-05-17T17:40:12Z,1805.06879v1,arXiv
613,2018-05-17T17:45:01Z,1805.06881v1,arXiv
614,2018-05-17T18:56:09Z,1805.06924v1,arXiv
615,2018-05-17T20:42:07Z,1805.06962v1,arXiv
616,2018-05-17T21:00:03Z,1805.06966v1,arXiv
617,2018-05-17T23:20:57Z,1805.06992v1,arXiv
618,2018-05-18T01:06:36Z,1805.07008v1,arXiv
619,2018-05-18T02:54:54Z,1805.07029v1,arXiv
620,2018-05-18T03:27:35Z,1805.07035v1,arXiv
621,2018-05-18T03:45:06Z,1805.07039v3,arXiv
622,2018-05-18T03:57:41Z,1806.06010v1,arXiv
623,2018-05-18T06:58:16Z,1805.07069v1,arXiv
624,2018-05-18T07:04:37Z,1805.07072v1,arXiv
625,2018-05-18T07:17:15Z,1805.07075v1,arXiv
626,2018-05-18T08:23:44Z,1805.07089v1,arXiv
627,2018-05-18T09:23:12Z,1805.07107v1,arXiv
628,2018-05-18T11:50:02Z,1805.07157v1,arXiv
629,2018-05-18T12:51:48Z,1805.07180v1,arXiv
630,2018-05-18T13:17:46Z,1805.07193v2,arXiv
631,2018-05-18T14:46:20Z,1805.07249v2,arXiv
632,2018-05-18T16:58:44Z,1805.07325v2,arXiv
633,2018-05-18T17:46:25Z,1805.07340v1,arXiv
634,2018-05-18T17:59:17Z,1805.07349v1,arXiv
635,2018-05-18T18:58:38Z,1805.07398v1,arXiv
636,2018-05-18T20:12:07Z,1805.07426v1,arXiv
637,2018-05-18T20:23:44Z,1805.07429v1,arXiv
638,2018-05-18T20:32:03Z,1805.07431v2,arXiv
639,2018-05-18T20:36:21Z,1805.07433v1,arXiv
640,2018-05-18T20:57:41Z,1805.07440v1,arXiv
641,2018-05-18T22:55:48Z,1805.07465v1,arXiv
642,2018-05-18T23:07:31Z,1805.07470v1,arXiv
643,2018-05-18T23:14:17Z,1805.07472v1,arXiv
644,2018-05-18T23:24:12Z,1805.07473v1,arXiv
645,2018-05-18T23:35:14Z,1805.07476v1,arXiv
646,2018-05-19T02:36:13Z,1805.07494v1,arXiv
647,2018-05-19T03:33:20Z,1805.07504v1,arXiv
648,2018-05-19T03:34:09Z,1805.07505v1,arXiv
649,2018-05-19T07:38:18Z,1805.07535v1,arXiv
650,2018-05-19T08:07:30Z,1805.07541v1,arXiv
651,2018-05-19T08:18:39Z,1805.07547v1,arXiv
652,2018-05-19T10:05:43Z,1805.07563v1,arXiv
653,2018-05-19T13:44:57Z,1805.07592v1,arXiv
654,2018-05-19T14:33:00Z,1805.07603v1,arXiv
655,2018-05-19T19:23:38Z,1805.09655v2,arXiv
656,2018-05-19T20:13:05Z,1805.07648v1,arXiv
657,2018-05-20T00:26:37Z,1805.07683v1,arXiv
658,2018-05-20T03:21:12Z,1806.01116v1,arXiv
659,2018-05-20T05:12:04Z,1805.07708v1,arXiv
660,2018-05-20T06:27:53Z,1805.07715v1,arXiv
661,2018-05-20T08:43:05Z,1805.07732v1,arXiv
662,2018-05-20T08:45:50Z,1805.07733v2,arXiv
663,2018-05-20T10:33:00Z,1805.09657v1,arXiv
664,2018-05-20T15:45:03Z,1805.07780v1,arXiv
665,2018-05-20T15:58:14Z,1805.07782v1,arXiv
666,2018-05-20T17:03:47Z,1805.07797v1,arXiv
667,2018-05-20T17:07:25Z,1805.07798v2,arXiv
668,2018-05-20T17:21:05Z,1805.07802v1,arXiv
669,2018-05-20T17:47:03Z,1805.07805v1,arXiv
670,2018-05-20T21:46:29Z,1805.07828v2,arXiv
671,2018-05-20T22:23:46Z,1805.07830v3,arXiv
672,2018-05-21T00:20:03Z,1805.07848v2,arXiv
673,2018-05-21T02:27:58Z,1805.07871v1,arXiv
674,2018-05-21T02:37:54Z,1805.07874v1,arXiv
675,2018-05-21T03:56:17Z,1805.07883v1,arXiv
676,2018-05-21T05:19:08Z,1805.07894v2,arXiv
677,2018-05-21T05:28:22Z,1805.07897v1,arXiv
678,2018-05-21T06:31:52Z,1805.07907v1,arXiv
679,2018-05-21T07:58:31Z,1805.07932v1,arXiv
680,2018-05-21T08:05:24Z,1805.08645v1,arXiv
681,2018-05-21T08:08:07Z,1805.07935v2,arXiv
682,2018-05-21T08:31:46Z,1805.07941v1,arXiv
683,2018-05-21T09:17:09Z,1805.07956v1,arXiv
684,2018-05-21T10:10:16Z,1805.07966v1,arXiv
685,2018-05-21T10:34:22Z,1805.07978v1,arXiv
686,2018-05-21T14:14:14Z,1805.08079v1,arXiv
687,2018-05-21T16:25:19Z,1805.08160v1,arXiv
688,2018-05-21T17:02:53Z,1805.08180v1,arXiv
689,2018-05-21T17:41:32Z,1805.08195v1,arXiv
690,2018-05-21T18:11:26Z,1805.08239v1,arXiv
691,2018-05-21T18:36:52Z,1805.08249v1,arXiv
692,2018-05-21T18:52:00Z,1805.08256v1,arXiv
693,2018-05-21T19:16:02Z,1805.08263v3,arXiv
694,2018-05-21T21:33:44Z,1805.08296v2,arXiv
695,2018-05-21T22:24:14Z,1805.08308v1,arXiv
696,2018-05-21T22:36:11Z,1805.08311v1,arXiv
697,2018-05-21T22:40:07Z,1805.08313v1,arXiv
698,2018-05-21T23:29:09Z,1805.09157v1,arXiv
699,2018-05-21T23:34:11Z,1805.08322v2,arXiv
700,2018-05-22T00:16:03Z,1805.09155v1,arXiv
701,2018-05-22T00:16:39Z,1805.08329v1,arXiv
702,2018-05-22T00:31:03Z,1805.08776v1,arXiv
703,2018-05-22T01:47:16Z,1805.08347v1,arXiv
704,2018-05-22T05:24:41Z,1805.08400v2,arXiv
705,2018-05-22T07:28:21Z,1805.08427v1,arXiv
706,2018-05-22T08:07:14Z,1805.08440v2,arXiv
707,2018-05-22T08:34:10Z,1805.08455v1,arXiv
708,2018-05-22T08:35:41Z,1805.08456v1,arXiv
709,2018-05-22T11:51:36Z,1805.08522v2,arXiv
710,2018-05-22T12:45:54Z,1805.08550v1,arXiv
711,2018-05-22T14:09:49Z,1805.08592v2,arXiv
712,2018-05-22T15:14:11Z,1805.08657v1,arXiv
713,2018-05-22T16:30:10Z,1805.09169v2,arXiv
714,2018-05-22T17:06:02Z,1805.08743v1,arXiv
715,2018-05-22T17:11:35Z,1805.08747v1,arXiv
716,2018-05-22T17:23:32Z,1805.08751v1,arXiv
717,2018-05-22T17:54:13Z,1805.08768v1,arXiv
718,2018-05-22T18:39:50Z,1805.08810v1,arXiv
719,2018-05-22T21:38:38Z,1805.08874v1,arXiv
720,2018-05-22T21:41:20Z,1805.08877v2,arXiv
721,2018-05-22T21:57:34Z,1805.08882v2,arXiv
722,2018-05-22T23:01:25Z,1805.08899v1,arXiv
723,2018-05-23T00:10:25Z,1805.08912v1,arXiv
724,2018-05-23T00:14:56Z,1805.08913v1,arXiv
725,2018-05-23T00:19:07Z,1805.08915v1,arXiv
726,2018-05-23T01:47:56Z,1805.08930v1,arXiv
727,2018-05-23T03:36:01Z,1805.08948v1,arXiv
728,2018-05-23T04:30:48Z,1805.08958v2,arXiv
729,2018-05-23T05:30:17Z,1805.08966v1,arXiv
730,2018-05-23T06:05:48Z,1805.08973v2,arXiv
731,2018-05-23T06:21:08Z,1805.08975v2,arXiv
732,2018-05-23T07:58:08Z,1805.10300v1,arXiv
733,2018-05-23T10:32:45Z,1805.09042v1,arXiv
734,2018-05-23T10:43:16Z,1805.09044v1,arXiv
735,2018-05-23T10:43:56Z,1805.09045v3,arXiv
736,2018-05-23T13:34:51Z,1805.09145v1,arXiv
737,2018-05-23T14:38:39Z,1805.09197v3,arXiv
738,2018-05-23T15:19:40Z,1805.09218v1,arXiv
739,2018-05-23T15:48:31Z,1805.09235v1,arXiv
740,2018-05-23T15:53:10Z,1805.09238v1,arXiv
741,2018-05-23T15:58:57Z,1805.09244v1,arXiv
742,2018-05-23T16:27:51Z,1805.09267v1,arXiv
743,2018-05-23T16:55:16Z,1805.09917v3,arXiv
744,2018-05-23T20:17:59Z,1805.10123v2,arXiv
745,2018-05-23T20:26:56Z,1805.09416v1,arXiv
746,2018-05-23T23:23:34Z,1805.10129v1,arXiv
747,2018-05-24T00:17:24Z,1805.09460v1,arXiv
748,2018-05-24T01:32:19Z,1805.09476v2,arXiv
749,2018-05-24T03:00:55Z,1805.09495v1,arXiv
750,2018-05-24T03:08:40Z,1805.09496v2,arXiv
751,2018-05-24T08:09:12Z,1805.09540v1,arXiv
752,2018-05-24T09:44:07Z,1806.02284v1,arXiv
753,2018-05-24T11:12:25Z,1806.03240v1,arXiv
754,2018-05-24T11:33:49Z,1805.09613v1,arXiv
755,2018-05-24T12:03:58Z,1805.09622v1,arXiv
756,2018-05-24T12:40:47Z,1805.09635v1,arXiv
757,2018-05-24T13:09:59Z,1805.09822v1,arXiv
758,2018-05-24T13:54:24Z,1805.09676v2,arXiv
759,2018-05-24T14:15:27Z,1805.09692v2,arXiv
760,2018-05-24T14:31:09Z,1805.09697v1,arXiv
761,2018-05-24T14:43:30Z,1805.09701v2,arXiv
762,2018-05-24T16:58:24Z,1805.09780v1,arXiv
763,2018-05-24T17:45:11Z,1805.09801v1,arXiv
764,2018-05-24T18:00:06Z,1805.09829v1,arXiv
765,2018-05-24T18:27:21Z,1805.09843v1,arXiv
766,2018-05-24T19:39:20Z,1805.09866v1,arXiv
767,2018-05-24T20:11:34Z,1805.09880v1,arXiv
768,2018-05-24T21:12:26Z,1805.09901v1,arXiv
769,2018-05-24T21:21:39Z,1805.09904v1,arXiv
770,2018-05-25T00:19:57Z,1805.09938v1,arXiv
771,2018-05-25T01:32:05Z,1805.09944v1,arXiv
772,2018-05-25T02:13:54Z,1805.09951v1,arXiv
773,2018-05-25T03:36:09Z,1805.09964v1,arXiv
774,2018-05-25T04:22:31Z,1805.09975v1,arXiv
775,2018-05-25T04:41:54Z,1805.09979v1,arXiv
776,2018-05-25T04:56:07Z,1805.09980v2,arXiv
777,2018-05-25T06:39:31Z,1805.10000v1,arXiv
778,2018-05-25T07:02:38Z,1805.10004v1,arXiv
779,2018-05-25T07:04:42Z,1805.10005v1,arXiv
780,2018-05-25T13:34:52Z,1805.11154v1,arXiv
781,2018-05-25T13:43:56Z,1805.11025v1,arXiv
782,2018-05-25T13:54:36Z,1806.07371v1,arXiv
783,2018-05-25T14:25:18Z,1805.10174v1,arXiv
784,2018-05-25T15:34:22Z,1805.10201v1,arXiv
785,2018-05-25T17:12:38Z,1805.10255v1,arXiv
786,2018-05-25T20:24:45Z,1805.10354v1,arXiv
787,2018-05-25T21:06:56Z,1805.10364v1,arXiv
788,2018-05-25T23:54:12Z,1805.10401v1,arXiv
789,2018-05-26T00:05:41Z,1805.10402v1,arXiv
790,2018-05-26T00:47:14Z,1805.10407v1,arXiv
791,2018-05-26T00:49:27Z,1805.10408v1,arXiv
792,2018-05-26T06:02:40Z,1805.11450v1,arXiv
793,2018-05-26T10:12:27Z,1805.10458v1,arXiv
794,2018-05-26T10:56:47Z,1805.10461v2,arXiv
795,2018-05-26T15:19:46Z,1805.10494v1,arXiv
796,2018-05-26T16:10:47Z,1805.10503v2,arXiv
797,2018-05-26T19:23:51Z,1805.11088v3,arXiv
798,2018-05-26T19:26:35Z,1805.10528v2,arXiv
799,2018-05-26T22:13:16Z,1805.10548v1,arXiv
800,2018-05-27T06:12:50Z,1805.10582v1,arXiv
801,2018-05-27T06:55:15Z,1805.10587v1,arXiv
802,2018-05-27T15:04:05Z,1805.10636v1,arXiv
803,2018-05-27T17:50:22Z,1805.10662v1,arXiv
804,2018-05-27T18:14:01Z,1805.10672v2,arXiv
805,2018-05-27T21:31:56Z,1805.10693v1,arXiv
806,2018-05-28T01:30:04Z,1805.10723v2,arXiv
807,2018-05-28T01:30:53Z,1805.10724v2,arXiv
808,2018-05-28T04:50:24Z,1805.10768v1,arXiv
809,2018-05-28T05:46:17Z,1805.10777v1,arXiv
810,2018-05-28T06:40:55Z,1805.11090v1,arXiv
811,2018-05-28T07:34:14Z,1805.10795v1,arXiv
812,2018-05-28T07:40:33Z,1805.10796v1,arXiv
813,2018-05-28T08:49:46Z,1805.10817v1,arXiv
814,2018-05-28T08:56:40Z,1805.10820v1,arXiv
815,2018-05-28T10:24:20Z,1805.10852v1,arXiv
816,2018-05-28T10:34:27Z,1805.10855v2,arXiv
817,2018-05-28T11:33:00Z,1805.10872v1,arXiv
818,2018-05-28T12:11:03Z,1805.10884v2,arXiv
819,2018-05-28T12:36:33Z,1806.06121v1,arXiv
820,2018-05-28T12:59:51Z,1805.10900v1,arXiv
821,2018-05-28T14:51:27Z,1805.10956v1,arXiv
822,2018-05-28T15:08:19Z,1805.10966v1,arXiv
823,2018-05-28T16:05:39Z,1805.11004v1,arXiv
824,2018-05-28T16:07:46Z,1805.11008v1,arXiv
825,2018-05-28T16:12:18Z,1805.11012v1,arXiv
826,2018-05-28T17:31:11Z,1805.11074v1,arXiv
827,2018-05-28T17:49:10Z,1805.11080v1,arXiv
828,2018-05-28T18:30:56Z,1805.11122v2,arXiv
829,2018-05-28T19:36:45Z,1805.11144v2,arXiv
830,2018-05-28T20:31:18Z,1805.11166v1,arXiv
831,2018-05-28T20:55:47Z,1805.11170v1,arXiv
832,2018-05-28T21:16:30Z,1805.11178v1,arXiv
833,2018-05-28T23:21:32Z,1805.11199v1,arXiv
834,2018-05-29T03:36:34Z,1805.11232v1,arXiv
835,2018-05-29T03:39:35Z,1805.11234v1,arXiv
836,2018-05-29T09:36:16Z,1805.11324v3,arXiv
837,2018-05-29T10:41:08Z,1805.11350v1,arXiv
838,2018-05-29T12:04:13Z,1805.11375v1,arXiv
839,2018-05-29T13:34:39Z,1805.11447v1,arXiv
840,2018-05-29T13:38:18Z,1805.11452v1,arXiv
841,2018-05-29T13:57:43Z,1805.11482v1,arXiv
842,2018-05-29T14:56:11Z,1805.11524v1,arXiv
843,2018-05-29T15:14:41Z,1805.11535v1,arXiv
844,2018-05-29T15:30:48Z,1805.11541v1,arXiv
845,2018-05-29T15:53:30Z,1805.11546v1,arXiv
846,2018-05-29T15:55:33Z,1805.11548v3,arXiv
847,2018-05-29T16:03:06Z,1805.11555v1,arXiv
848,2018-05-29T17:19:36Z,1805.11592v1,arXiv
849,2018-05-29T17:19:59Z,1805.11593v1,arXiv
850,2018-05-29T18:35:44Z,1805.11648v1,arXiv
851,2018-05-29T18:37:28Z,1805.11650v1,arXiv
852,2018-05-29T20:55:09Z,1805.11704v2,arXiv
853,2018-05-29T20:57:19Z,1805.11706v1,arXiv
854,2018-05-29T21:21:18Z,1805.11711v1,arXiv
855,2018-05-29T21:31:14Z,1805.11714v1,arXiv
856,2018-05-29T22:24:48Z,1805.11730v1,arXiv
857,2018-05-29T22:48:59Z,1805.12495v1,arXiv
858,2018-05-30T00:05:53Z,1805.11752v2,arXiv
859,2018-05-30T00:43:03Z,1805.12475v1,arXiv
860,2018-05-30T01:21:33Z,1805.11768v1,arXiv
861,2018-05-30T02:27:10Z,1805.11778v2,arXiv
862,2018-05-30T04:22:51Z,1805.11799v1,arXiv
863,2018-05-30T04:25:32Z,1805.11801v1,arXiv
864,2018-05-30T05:38:30Z,1805.11815v1,arXiv
865,2018-05-30T06:03:21Z,1805.11818v1,arXiv
866,2018-05-30T06:22:34Z,1805.11820v1,arXiv
867,2018-05-30T08:59:44Z,1805.11867v1,arXiv
868,2018-05-30T09:24:08Z,1805.11877v1,arXiv
869,2018-05-30T12:48:41Z,1805.11924v1,arXiv
870,2018-05-30T14:00:40Z,1805.11984v1,arXiv
871,2018-05-30T15:10:20Z,1805.12024v1,arXiv
872,2018-05-30T17:01:30Z,1805.12085v1,arXiv
873,2018-05-30T17:12:48Z,1805.12090v1,arXiv
874,2018-05-30T17:55:21Z,1805.12114v1,arXiv
875,2018-05-30T17:56:32Z,1805.12115v1,arXiv
876,2018-05-30T18:00:01Z,1805.12138v1,arXiv
877,2018-05-30T18:00:35Z,1805.12153v3,arXiv
878,2018-05-30T18:49:35Z,1805.12176v1,arXiv
879,2018-05-30T19:09:11Z,1805.12183v1,arXiv
880,2018-05-30T19:32:39Z,1806.00352v1,arXiv
881,2018-05-31T00:44:37Z,1805.12270v1,arXiv
882,2018-05-31T01:14:57Z,1805.12279v1,arXiv
883,2018-05-31T04:40:32Z,1805.12316v1,arXiv
884,2018-05-31T07:06:11Z,1805.12346v1,arXiv
885,2018-05-31T07:25:04Z,1805.12352v1,arXiv
886,2018-05-31T08:11:12Z,1805.12369v1,arXiv
887,2018-05-31T09:12:14Z,1805.12387v1,arXiv
888,2018-05-31T09:25:29Z,1806.07377v3,arXiv
889,2018-05-31T09:39:14Z,1805.12393v1,arXiv
890,2018-05-31T09:55:24Z,1806.03250v1,arXiv
891,2018-05-31T09:57:01Z,1805.12402v1,arXiv
892,2018-05-31T11:47:46Z,1806.07376v1,arXiv
893,2018-05-31T14:22:09Z,1805.12487v2,arXiv
894,2018-05-31T15:25:10Z,1805.12514v1,arXiv
895,2018-05-31T16:57:56Z,1805.12559v1,arXiv
896,2018-05-31T17:13:13Z,1805.12565v1,arXiv
897,2018-05-31T18:42:26Z,1806.00047v1,arXiv
898,2018-05-31T18:53:15Z,1806.00050v1,arXiv
899,2018-05-31T19:09:15Z,1806.00054v1,arXiv
900,2018-05-31T19:28:23Z,1806.00064v1,arXiv
901,2018-05-31T19:48:00Z,1806.00069v2,arXiv
902,2018-05-31T22:11:21Z,1806.00119v1,arXiv
903,2018-05-31T23:28:04Z,1806.00133v2,arXiv
904,2018-06-01T00:05:56Z,1806.00143v1,arXiv
905,2018-06-01T00:35:32Z,1806.00148v1,arXiv
906,2018-06-01T01:01:27Z,1806.00153v2,arXiv
907,2018-06-01T02:54:06Z,1806.00175v1,arXiv
908,2018-06-01T03:57:56Z,1806.02375v2,arXiv
909,2018-06-01T05:32:47Z,1806.00201v1,arXiv
910,2018-06-01T09:54:32Z,1806.00258v1,arXiv
911,2018-06-01T12:46:55Z,1806.00319v1,arXiv
912,2018-06-01T13:35:49Z,1806.00334v1,arXiv
913,2018-06-01T13:47:12Z,1806.00340v1,arXiv
914,2018-06-01T14:02:39Z,1806.00354v1,arXiv
915,2018-06-01T14:06:45Z,1806.00358v1,arXiv
916,2018-06-01T15:12:20Z,1806.00388v2,arXiv
917,2018-06-01T16:16:41Z,1806.00419v1,arXiv
918,2018-06-01T18:28:20Z,1806.00499v1,arXiv
919,2018-06-01T18:35:50Z,1806.00503v3,arXiv
920,2018-06-01T18:36:36Z,1806.03960v1,arXiv
921,2018-06-01T19:41:07Z,1806.01264v1,arXiv
922,2018-06-01T20:52:31Z,1806.00540v1,arXiv
923,2018-06-01T21:54:18Z,1806.01265v2,arXiv
924,2018-06-01T22:09:51Z,1806.00553v1,arXiv
925,2018-06-02T03:28:43Z,1806.00578v1,arXiv
926,2018-06-02T06:18:15Z,1806.00588v1,arXiv
927,2018-06-02T06:25:19Z,1806.00589v1,arXiv
928,2018-06-02T08:15:38Z,1806.01267v3,arXiv
929,2018-06-02T09:19:08Z,1806.00608v1,arXiv
930,2018-06-02T09:21:12Z,1806.00610v1,arXiv
931,2018-06-02T17:18:06Z,1806.00674v1,arXiv
932,2018-06-02T18:33:42Z,1806.04611v1,arXiv
933,2018-06-02T18:35:37Z,1806.00683v1,arXiv
934,2018-06-02T22:41:28Z,1806.00712v1,arXiv
935,2018-06-03T02:03:11Z,1806.00727v1,arXiv
936,2018-06-03T05:09:54Z,1806.00738v1,arXiv
937,2018-06-03T08:52:23Z,1806.00754v1,arXiv
938,2018-06-03T11:15:15Z,1806.00770v1,arXiv
939,2018-06-03T12:22:28Z,1806.00778v1,arXiv
940,2018-06-03T13:38:41Z,1806.00797v1,arXiv
941,2018-06-03T14:56:42Z,1806.00805v1,arXiv
942,2018-06-03T14:56:46Z,1806.00806v2,arXiv
943,2018-06-03T15:00:05Z,1806.00807v4,arXiv
944,2018-06-03T16:45:12Z,1806.00829v1,arXiv
945,2018-06-03T19:16:50Z,1806.00852v1,arXiv
946,2018-06-03T21:00:01Z,1806.00875v1,arXiv
947,2018-06-03T21:26:36Z,1806.00882v1,arXiv
948,2018-06-04T02:41:20Z,1806.00931v1,arXiv
949,2018-06-04T03:21:00Z,1806.01650v1,arXiv
950,2018-06-04T03:24:34Z,1806.00938v1,arXiv
951,2018-06-04T04:35:29Z,1806.00949v1,arXiv
952,2018-06-04T04:53:00Z,1806.00952v2,arXiv
953,2018-06-04T05:28:33Z,1806.00960v1,arXiv
954,2018-06-04T06:46:22Z,1806.00979v1,arXiv
955,2018-06-04T06:58:45Z,1806.00984v1,arXiv
956,2018-06-04T10:14:10Z,1806.01038v1,arXiv
957,2018-06-04T11:01:50Z,1806.01044v1,arXiv
958,2018-06-04T14:05:07Z,1806.01130v1,arXiv
959,2018-06-04T14:47:46Z,1806.01151v1,arXiv
960,2018-06-04T15:24:51Z,1806.01159v1,arXiv
961,2018-06-04T16:16:51Z,1806.01175v1,arXiv
962,2018-06-04T16:28:21Z,1806.01661v1,arXiv
963,2018-06-04T16:30:17Z,1806.01186v1,arXiv
964,2018-06-04T16:45:19Z,1806.01203v1,arXiv
965,2018-06-04T17:24:18Z,1806.01235v1,arXiv
966,2018-06-04T17:29:40Z,1806.01242v1,arXiv
967,2018-06-04T17:38:42Z,1806.01246v1,arXiv
968,2018-06-04T17:55:12Z,1806.01258v1,arXiv
969,2018-06-04T17:56:29Z,1806.01259v1,arXiv
970,2018-06-04T17:58:18Z,1806.01261v2,arXiv
971,2018-06-04T18:52:40Z,1806.01322v1,arXiv
972,2018-06-04T19:47:24Z,1806.01347v1,arXiv
973,2018-06-04T20:09:43Z,1806.01363v1,arXiv
974,2018-06-04T20:17:40Z,1806.01368v1,arXiv
975,2018-06-04T21:02:49Z,1806.01387v1,arXiv
976,2018-06-04T23:09:52Z,1806.01423v1,arXiv
977,2018-06-04T23:15:57Z,1806.09935v1,arXiv
978,2018-06-04T23:29:05Z,1806.01427v1,arXiv
979,2018-06-05T04:19:22Z,1806.01488v1,arXiv
980,2018-06-05T05:34:46Z,1806.01502v1,arXiv
981,2018-06-05T07:36:36Z,1806.01526v1,arXiv
982,2018-06-05T08:27:40Z,1806.01552v1,arXiv
983,2018-06-05T08:59:45Z,1806.01563v1,arXiv
984,2018-06-05T12:41:14Z,1806.01655v1,arXiv
985,2018-06-05T12:54:07Z,1806.01664v2,arXiv
986,2018-06-05T14:21:20Z,1806.01709v2,arXiv
987,2018-06-05T15:01:17Z,1806.01731v1,arXiv
988,2018-06-05T15:23:10Z,1806.01743v2,arXiv
989,2018-06-05T15:50:30Z,1806.01756v1,arXiv
990,2018-06-05T17:31:02Z,1806.01825v2,arXiv
991,2018-06-05T18:30:22Z,1806.01883v3,arXiv
992,2018-06-05T19:44:44Z,1806.01910v2,arXiv
993,2018-06-05T19:45:20Z,1806.01911v1,arXiv
994,2018-06-05T22:01:51Z,1806.01946v1,arXiv
995,2018-06-05T22:08:09Z,1806.01949v1,arXiv
996,2018-06-06T02:30:00Z,1806.01984v2,arXiv
997,2018-06-06T06:37:46Z,1806.02027v3,arXiv
998,2018-06-06T07:45:06Z,1806.02873v1,arXiv
999,2018-06-06T08:25:58Z,1806.02056v1,arXiv
1000,2018-06-06T08:34:12Z,1806.02336v1,arXiv
1001,2018-06-06T08:39:03Z,1806.07917v2,arXiv
1002,2018-06-06T09:41:58Z,1806.02091v4,arXiv
1003,2018-06-06T11:33:26Z,1806.02127v1,arXiv
1004,2018-06-06T12:06:33Z,1806.02137v1,arXiv
1005,2018-06-06T13:41:48Z,1806.02180v1,arXiv
1006,2018-06-06T13:57:47Z,1806.03256v1,arXiv
1007,2018-06-06T14:28:03Z,1806.02215v1,arXiv
1008,2018-06-06T15:16:32Z,1806.02239v1,arXiv
1009,2018-06-06T15:22:02Z,1806.02242v2,arXiv
1010,2018-06-06T15:44:53Z,1806.02256v1,arXiv
1011,2018-06-06T16:20:24Z,1806.02281v1,arXiv
1012,2018-06-06T17:15:27Z,1806.02308v1,arXiv
1013,2018-06-06T17:21:38Z,1806.02311v2,arXiv
1014,2018-06-06T17:39:00Z,1806.02322v1,arXiv
1015,2018-06-06T18:27:39Z,1806.02373v1,arXiv
1016,2018-06-06T18:46:11Z,1806.02380v1,arXiv
1017,2018-06-06T20:38:27Z,1806.02415v1,arXiv
1018,2018-06-06T20:51:06Z,1806.02421v1,arXiv
1019,2018-06-06T22:39:26Z,1806.02448v1,arXiv
1020,2018-06-06T23:17:12Z,1806.02457v2,arXiv
1021,2018-06-06T23:52:20Z,1806.03982v2,arXiv
1022,2018-06-07T00:47:09Z,1806.02473v1,arXiv
1023,2018-06-07T03:49:05Z,1806.02501v1,arXiv
1024,2018-06-07T04:15:58Z,1806.02508v1,arXiv
1025,2018-06-07T04:49:46Z,1806.02510v1,arXiv
1026,2018-06-07T05:03:59Z,1806.02511v1,arXiv
1027,2018-06-07T08:57:44Z,1806.02566v1,arXiv
1028,2018-06-07T11:38:34Z,1806.02623v2,arXiv
1029,2018-06-07T12:25:05Z,1806.02639v1,arXiv
1030,2018-06-07T13:25:01Z,1806.02664v2,arXiv
1031,2018-06-07T14:41:32Z,1806.02711v2,arXiv
1032,2018-06-07T15:20:09Z,1806.03192v1,arXiv
1033,2018-06-07T15:51:21Z,1806.02739v1,arXiv
1034,2018-06-07T17:12:50Z,1806.02794v1,arXiv
1035,2018-06-07T17:49:08Z,1806.02813v1,arXiv
1036,2018-06-07T17:49:54Z,1806.02814v1,arXiv
1037,2018-06-07T17:53:20Z,1806.02817v1,arXiv
1038,2018-06-07T18:00:13Z,1806.02841v1,arXiv
1039,2018-06-07T18:13:08Z,1806.02847v1,arXiv
1040,2018-06-07T18:38:15Z,1806.02855v1,arXiv
1041,2018-06-07T20:16:42Z,1806.02887v1,arXiv
1042,2018-06-07T20:40:56Z,1806.02891v1,arXiv
1043,2018-06-07T20:57:22Z,1806.02901v1,arXiv
1044,2018-06-07T21:29:39Z,1806.02908v1,arXiv
1045,2018-06-07T22:42:00Z,1806.02918v1,arXiv
1046,2018-06-08T00:53:43Z,1806.02932v1,arXiv
1047,2018-06-08T01:58:51Z,1806.02942v1,arXiv
1048,2018-06-08T04:34:15Z,1806.02967v1,arXiv
1049,2018-06-08T06:50:14Z,1806.02985v1,arXiv
1050,2018-06-08T07:46:34Z,1806.03002v1,arXiv
1051,2018-06-08T08:15:29Z,1806.03014v1,arXiv
1052,2018-06-08T12:40:04Z,1806.03121v3,arXiv
1053,2018-06-08T13:48:52Z,1806.03155v1,arXiv
1054,2018-06-08T16:31:19Z,1806.04017v1,arXiv
1055,2018-06-08T16:31:46Z,1806.03267v1,arXiv
1056,2018-06-08T19:47:54Z,1806.03335v1,arXiv
1057,2018-06-08T21:35:09Z,1806.03361v1,arXiv
1058,2018-06-08T22:47:10Z,1806.03369v1,arXiv
1059,2018-06-08T23:26:22Z,1806.03379v1,arXiv
1060,2018-06-09T05:56:50Z,1806.03417v2,arXiv
1061,2018-06-09T10:17:58Z,1806.04517v1,arXiv
1062,2018-06-09T10:51:39Z,1806.03455v1,arXiv
1063,2018-06-09T13:01:39Z,1806.05108v2,arXiv
1064,2018-06-09T15:44:54Z,1806.03492v1,arXiv
1065,2018-06-09T16:07:02Z,1806.03497v1,arXiv
1066,2018-06-09T17:01:27Z,1806.10095v2,arXiv
1067,2018-06-09T17:32:50Z,1806.03512v1,arXiv
1068,2018-06-09T17:47:55Z,1806.03517v1,arXiv
1069,2018-06-09T19:49:57Z,1806.03536v2,arXiv
1070,2018-06-09T22:31:52Z,1806.03553v2,arXiv
1071,2018-06-10T00:33:47Z,1806.03561v1,arXiv
1072,2018-06-10T00:58:58Z,1806.03563v1,arXiv
1073,2018-06-10T01:43:40Z,1806.03568v1,arXiv
1074,2018-06-10T04:05:18Z,1806.03582v2,arXiv
1075,2018-06-10T06:17:53Z,1806.06914v1,arXiv
1076,2018-06-10T07:29:41Z,1806.03600v2,arXiv
1077,2018-06-10T08:24:36Z,1806.06798v1,arXiv
1078,2018-06-10T15:20:20Z,1806.03671v1,arXiv
1079,2018-06-10T17:05:31Z,1806.03692v1,arXiv
1080,2018-06-11T00:12:49Z,1806.03749v1,arXiv
1081,2018-06-11T00:26:13Z,1806.03751v2,arXiv
1082,2018-06-11T03:37:43Z,1806.03793v3,arXiv
1083,2018-06-11T04:28:02Z,1806.06927v1,arXiv
1084,2018-06-11T04:49:00Z,1806.03806v1,arXiv
1085,2018-06-11T06:06:43Z,1806.03820v1,arXiv
1086,2018-06-11T06:49:54Z,1806.06928v1,arXiv
1087,2018-06-11T07:31:15Z,1806.03841v1,arXiv
1088,2018-06-11T09:45:34Z,1806.04535v1,arXiv
1089,2018-06-11T11:04:05Z,1806.03905v1,arXiv
1090,2018-06-11T11:36:43Z,1806.07955v1,arXiv
1091,2018-06-11T12:21:55Z,1806.03934v1,arXiv
1092,2018-06-11T13:03:46Z,1806.03944v1,arXiv
1093,2018-06-11T14:59:24Z,1806.04033v1,arXiv
1094,2018-06-11T15:48:37Z,1806.04067v1,arXiv
1095,2018-06-11T18:05:31Z,1806.04161v1,arXiv
1096,2018-06-11T18:18:00Z,1806.04168v1,arXiv
1097,2018-06-11T18:22:45Z,1806.04169v1,arXiv
1098,2018-06-11T18:57:49Z,1806.04189v1,arXiv
1099,2018-06-11T19:39:42Z,1806.04212v1,arXiv
1100,2018-06-11T19:54:38Z,1806.04216v1,arXiv
1101,2018-06-11T20:23:25Z,1806.04225v2,arXiv
1102,2018-06-11T20:41:23Z,1806.04234v1,arXiv
1103,2018-06-11T21:02:50Z,1806.04242v2,arXiv
1104,2018-06-11T23:24:11Z,1806.04265v1,arXiv
1105,2018-06-11T23:34:59Z,1806.08663v1,arXiv
1106,2018-06-12T00:58:59Z,1806.04284v1,arXiv
1107,2018-06-12T04:20:02Z,1806.04325v2,arXiv
1108,2018-06-12T08:22:21Z,1806.04387v2,arXiv
1109,2018-06-12T12:46:18Z,1806.04471v1,arXiv
1110,2018-06-12T13:26:56Z,1806.04497v1,arXiv
1111,2018-06-12T14:24:02Z,1806.04552v1,arXiv
1112,2018-06-12T14:40:24Z,1806.04562v1,arXiv
1113,2018-06-12T16:07:31Z,1806.04624v1,arXiv
1114,2018-06-12T16:48:52Z,1806.04640v1,arXiv
1115,2018-06-12T19:02:19Z,1806.04718v2,arXiv
1116,2018-06-12T20:41:32Z,1806.07912v1,arXiv
1117,2018-06-12T21:35:56Z,1806.04773v1,arXiv
1118,2018-06-12T23:19:54Z,1806.04795v1,arXiv
1119,2018-06-13T00:53:56Z,1806.04808v1,arXiv
1120,2018-06-13T03:47:12Z,1806.06931v1,arXiv
1121,2018-06-13T05:45:22Z,1806.04854v3,arXiv
1122,2018-06-13T08:58:49Z,1806.04899v2,arXiv
1123,2018-06-13T09:00:36Z,1806.04900v2,arXiv
1124,2018-06-13T09:29:42Z,1806.04915v1,arXiv
1125,2018-06-13T11:19:33Z,1806.04952v1,arXiv
1126,2018-06-13T11:36:05Z,1806.04959v1,arXiv
1127,2018-06-13T12:04:20Z,1806.04968v1,arXiv
1128,2018-06-13T13:38:22Z,1806.07380v1,arXiv
1129,2018-06-13T14:03:38Z,1806.05049v1,arXiv
1130,2018-06-13T14:28:41Z,1806.05085v1,arXiv
1131,2018-06-13T15:19:34Z,1806.05106v1,arXiv
1132,2018-06-13T15:34:13Z,1806.05112v1,arXiv
1133,2018-06-13T15:38:09Z,1806.05180v1,arXiv
1134,2018-06-13T15:41:34Z,1806.05117v1,arXiv
1135,2018-06-13T16:43:05Z,1806.05141v1,arXiv
1136,2018-06-13T18:27:32Z,1806.05208v2,arXiv
1137,2018-06-13T19:26:55Z,1806.05234v1,arXiv
1138,2018-06-13T19:32:59Z,1806.05236v2,arXiv
1139,2018-06-13T20:15:28Z,1806.05250v1,arXiv
1140,2018-06-13T21:39:20Z,1806.06685v1,arXiv
1141,2018-06-13T22:40:49Z,1806.05292v1,arXiv
1142,2018-06-13T23:23:22Z,1806.05298v1,arXiv
1143,2018-06-13T23:33:08Z,1806.05299v1,arXiv
1144,2018-06-14T02:41:03Z,1806.05337v1,arXiv
1145,2018-06-14T08:54:38Z,1806.05415v1,arXiv
1146,2018-06-14T09:06:10Z,1806.05421v2,arXiv
1147,2018-06-14T09:18:42Z,1806.05426v1,arXiv
1148,2018-06-14T10:44:03Z,1806.05455v1,arXiv
1149,2018-06-14T11:34:28Z,1806.05477v1,arXiv
1150,2018-06-14T11:47:14Z,1806.05484v2,arXiv
1151,2018-06-14T12:12:18Z,1806.06953v2,arXiv
1152,2018-06-14T12:35:50Z,1806.05502v2,arXiv
1153,2018-06-14T12:46:23Z,1806.06920v1,arXiv
1154,2018-06-14T13:11:52Z,1806.05522v1,arXiv
1155,2018-06-14T14:00:14Z,1806.05554v1,arXiv
1156,2018-06-14T14:28:37Z,1806.06923v1,arXiv
1157,2018-06-14T14:53:53Z,1806.06946v1,arXiv
1158,2018-06-14T14:58:36Z,1806.05594v2,arXiv
1159,2018-06-14T16:17:44Z,1806.05631v1,arXiv
1160,2018-06-14T16:25:55Z,1806.05635v1,arXiv
1161,2018-06-14T17:36:02Z,1806.05660v1,arXiv
1162,2018-06-14T18:10:46Z,1806.05695v1,arXiv
1163,2018-06-14T19:46:37Z,1806.06790v1,arXiv
1164,2018-06-14T20:48:41Z,1806.05740v1,arXiv
1165,2018-06-14T22:34:11Z,1806.05759v2,arXiv
1166,2018-06-14T23:48:08Z,1806.05767v1,arXiv
1167,2018-06-14T23:49:55Z,1806.05768v1,arXiv
1168,2018-06-15T01:35:03Z,1806.05780v1,arXiv
1169,2018-06-15T02:26:11Z,1806.05789v1,arXiv
1170,2018-06-15T08:40:31Z,1806.05857v1,arXiv
1171,2018-06-15T09:29:05Z,1806.07722v1,arXiv
1172,2018-06-15T09:49:39Z,1806.05876v1,arXiv
1173,2018-06-15T10:41:23Z,1806.05898v1,arXiv
1174,2018-06-15T11:09:18Z,1806.05904v2,arXiv
1175,2018-06-15T14:49:35Z,1806.06003v1,arXiv
1176,2018-06-15T17:45:58Z,1806.06055v2,arXiv
1177,2018-06-15T20:02:57Z,1806.06108v1,arXiv
1178,2018-06-15T20:11:22Z,1806.07346v1,arXiv
1179,2018-06-16T05:50:46Z,1806.06191v1,arXiv
1180,2018-06-16T05:58:00Z,1806.06192v1,arXiv
1181,2018-06-16T08:17:08Z,1806.06205v1,arXiv
1182,2018-06-16T08:24:35Z,1806.06207v1,arXiv
1183,2018-06-16T08:31:06Z,1806.06208v2,arXiv
1184,2018-06-16T12:27:14Z,1806.06232v1,arXiv
1185,2018-06-16T16:40:39Z,1806.06266v1,arXiv
1186,2018-06-16T21:17:02Z,1806.06298v1,arXiv
1187,2018-06-16T21:46:59Z,1806.06301v1,arXiv
1188,2018-06-16T21:56:13Z,1808.02085v1,arXiv
1189,2018-06-16T22:59:29Z,1806.07461v1,arXiv
1190,2018-06-17T08:14:42Z,1806.07247v2,arXiv
1191,2018-06-17T08:44:55Z,1806.06349v1,arXiv
1192,2018-06-17T12:13:37Z,1806.06371v1,arXiv
1193,2018-06-17T16:32:52Z,1806.06408v1,arXiv
1194,2018-06-17T16:38:48Z,1806.06411v1,arXiv
1195,2018-06-17T18:22:55Z,1806.06423v1,arXiv
1196,2018-06-17T20:58:12Z,1806.06446v2,arXiv
1197,2018-06-17T23:29:19Z,1806.06464v2,arXiv
1198,2018-06-18T02:06:46Z,1806.06478v1,arXiv
1199,2018-06-18T04:28:18Z,1806.06496v1,arXiv
