,postdate,uniq_id,source
42,2016-10-13 16:20:56,b73d3981f87c792544f3cc6624eba2bf,naukri
64,2016-10-10 16:20:57,a8a2393bf2f8203eeb053e2562b173c6,naukri
120,2016-10-10 16:20:58,eaa5b6dc6c86e146d890adfa1651b8d4,naukri
927,2016-10-10 16:21:19,daeb6cda739e276981bc2af3bc63091b,naukri
1031,2016-10-07 16:21:22,0b57ff8a090e8e9215e5c03edf00940e,naukri
1039,2016-10-07 16:21:22,5b589e708088c1cf434a8e299d2d9e94,naukri
1043,2016-10-07 16:21:22,224c42a97376e434a77a0fcc654ca3c4,naukri
1167,2016-10-07 16:21:26,82cefffd6019850ed350b2e75122a095,naukri
1259,2016-10-07 16:21:29,7e5119e4069830985e318a811fd40399,naukri
1270,2016-10-07 16:21:29,c3ea05b1e6826f6e21bbc292840b085e,naukri
1313,2016-10-07 16:21:30,990916eec35bffeb64dc5cb334bcb9ed,naukri
1348,2016-10-07 16:21:31,9483aad4bac528c8eea4ee0cf5bbaec0,naukri
1380,2016-10-07 16:21:32,4c54242281fd29a1386ce9201d55f07b,naukri
1386,2016-10-07 16:21:32,6e4e262028d7afac60e23e0c68b95756,naukri
1413,2016-10-07 16:21:33,3d2425f5349a40b3e2566c924c605ca3,naukri
1455,2016-10-07 16:21:34,a6c982bc0488009e533dffa90e13e15c,naukri
1525,2016-10-07 16:21:36,547404fc13c6317d8d097951a03d0fd6,naukri
1737,2016-10-07 16:21:42,d3e91460d070e9f50b4926690a711285,naukri
1931,2016-03-16 02:30:18,9ee244dfbe22b291a85ecaee8c0771fd,naukri
2534,2016-03-22 02:30:44,c7816b06be5212996397fcff7a48e319,naukri
2801,2016-03-15 02:31:00,642a7def983716ff3d392f120fc648df,naukri
3064,2016-03-03 02:31:13,572d419167818c5034dd9a756ff662b3,naukri
3221,2016-02-19 02:31:19,688eafeb8989d36d238001679f313518,naukri
4610,2015-11-28 01:33:24,9febe3b10ee5985cb551443b688b1350,naukri
5008,2015-11-21 01:33:36,5459d956fb12ae0f747c479056fab47d,naukri
5290,2015-11-23 01:33:43,bba181bd54c9bfa0aa09a45262d57687,naukri
5365,2016-01-29 14:07:01,3106863052cb15898c12bdaf57b3a026,naukri
5369,2016-01-29 14:07:01,2218c81ea430814e6de0ec07f75af7c7,naukri
5407,2016-01-29 14:07:02,6d396daa9efb27e17f8045c562ff641b,naukri
5428,2016-01-29 14:07:03,644bd6e9e5c3a5600d9e0cd820c5e5a1,naukri
5452,2016-01-29 14:07:04,bf1812f4940784702ceadce6629ba27e,naukri
5502,2016-01-29 14:07:06,be255c31469dad613a3cb1dabb0b4e5a,naukri
5554,2016-01-29 14:07:09,5c311cd6f82918fc7a2581b3496e023e,naukri
5715,2016-01-29 14:07:14,4ab83613b46d9cfa0bfc9c5691fccb25,naukri
6007,2016-01-29 14:07:26,f166bb44257a13a5a5b94d8456156366,naukri
6013,2016-01-29 14:07:26,2c314f3a0e7128bd1586fd754275bf97,naukri
6363,2016-01-29 14:07:37,c7b17b4c1761debe78602fbd4ff2cf7e,naukri
6509,2016-01-29 14:07:43,745489844870eacea9e95b0f3d065fd7,naukri
6682,2016-01-29 14:07:49,a97ebb0e057591f78387648935566640,naukri
7117,2016-01-29 14:08:12,78736750915ad3a7a6a78b3fc4743c83,naukri
7421,2016-05-05 11:34:53,5fb12c10ba028c713af6759dd5401673,naukri
8178,2016-05-05 11:35:31,ea68c927f1bcd51b037c2be7bbe1c42c,naukri
8938,2016-12-07 10:37:26,863ce3822a1e9907ea215c488a196f03,naukri
8968,2016-12-07 10:37:27,ef3e83337ca6a014958cae2dd2881fb3,naukri
9413,2016-12-07 10:37:44,348edb976e417bdf4944085baa157031,naukri
9575,2016-03-30 17:03:36,5b2055ec588e6f935b11df903da5a1e0,naukri
9729,2016-03-30 17:03:44,dfff752f177b724a0d6deb3db436eeb2,naukri
9749,2016-03-29 17:03:45,5e3ae43a7bf198ee2ef16ca987af67a5,naukri
9773,2016-03-29 17:03:46,2ca153ad81291960efb1394251f101ba,naukri
9922,2016-03-29 17:03:54,b67aa987af318182ee206457f1d6797d,naukri
9960,2016-03-29 17:03:55,f96678b85e9c5468d84711fcf9949eac,naukri
10052,2016-03-30 17:04:01,8cae2739dbe735587afcfc3abfd3f074,naukri
10112,2016-03-29 17:04:05,5930f9b7f40bcbdc1f40ecb9c288e767,naukri
10129,2016-03-30 17:04:07,695f81902c31048928cb6e9f5b6f5cce,naukri
10183,2016-04-07 17:04:10,7c9e8530f0796f4d6a73e3cb9a84ce0a,naukri
10224,2016-03-29 17:04:12,53cab36907c944e87ad46aa6de95d9e6,naukri
10257,2016-03-30 17:04:14,2b75df51c409b40dc6e9a58bdcadb12e,naukri
10258,2016-03-29 17:04:14,6636903c0e04007cea3f39485dcf7bdb,naukri
10345,2016-03-30 17:04:19,79e1745a9e15e69a3ef7a91450d6e8dd,naukri
10354,2016-03-29 17:04:20,831e4b89301987d58de0d90d37064657,naukri
10360,2016-03-30 17:04:20,ff4595419e400b84c9f0642afb6c3d1d,naukri
10508,2016-03-29 17:04:30,cf571bd4ba8aa24197b10d32b1e2e3ac,naukri
10519,2016-03-29 17:04:31,87ea6511642fced0ba27269efaccd4a6,naukri
10527,2016-03-30 17:04:31,d619e62c85d758ec65db94648cef1490,naukri
10560,2016-03-30 17:04:33,41dfb93a44b01967e910486b416899f8,naukri
10633,2016-03-29 17:04:37,75f6704a6f19e476698cb01a9b047feb,naukri
10653,2016-03-30 17:04:38,14b507bd63a23d2d63f40411199099a2,naukri
10756,2016-03-30 17:04:43,44a44057d5e537e4ab1b99fe12e63c79,naukri
10780,2016-03-29 17:04:44,f557eda529b2c464bfc7751b6a05c6a3,naukri
10784,2016-03-30 17:04:44,72799c0f948d5a9dbbbd881d8d89a096,naukri
10860,2016-03-28 17:04:48,1cc110998c2d087fb80c944f49c96fb5,naukri
10939,2016-03-28 17:04:52,478098fbeb2f9bb0ed822100052044df,naukri
10971,2016-03-26 17:04:54,5e2981db8b2637bed36b04aec4e40193,naukri
11019,2016-02-15 07:23:25,531d5c1f2d10929c36df6661ba224c59,naukri
11071,2016-02-16 07:23:28,94f3b1e055b033b5455a92b6f3f8bcee,naukri
11106,2016-02-16 07:23:30,52cc6edb0e0068908d83b5ff774fcfa6,naukri
11113,2016-02-11 07:23:30,b0428d631e4030d36303751572d32a3e,naukri
11148,2016-02-11 07:23:32,cb6f03ad7b17f01da1d7d0d48002a976,naukri
11254,2016-02-15 07:23:37,d8fc82a6e630facdc32ba4fe0fe53b40,naukri
11295,2016-02-17 07:23:38,92ee592e6305b8601e540e964673a8e1,naukri
11473,2016-04-02 07:23:53,da6cc8efd1dde017d60146eb7fc31b44,naukri
11485,2016-03-31 07:23:54,b9282bd7521e695bc3b1439e0fbbb976,naukri
11574,2016-04-04 07:24:01,16e003aa0b8889cd9af89104fcaf9885,naukri
11632,2016-03-31 07:24:06,8fd18b4287e1945b93e6794d66a11012,naukri
11669,2016-04-04 07:24:10,ff1f3dbfc8af7429c8c574f83b1981fd,naukri
11685,2016-04-02 07:24:11,2c1e12479d48231d5817f9a0379b9515,naukri
11798,2016-04-04 07:24:17,5e4fdc6787172be676c53b5a5ee6162b,naukri
11801,2016-04-04 07:24:17,219242b7fd80a5437ac2db5693aaaaa0,naukri
11942,2016-04-04 07:24:26,9a9fac2ec074beb96e114d10fd2321e4,naukri
12032,2016-03-31 07:24:32,e3d3ebe64a8b0e033dfbefb934f3d5b8,naukri
12526,2016-08-16 19:48:40,cab1f0c36fbbbf8cb0ec83e8b8bc0cc9,naukri
12592,2016-05-17 19:48:41,d6b986f725766bb794964d0a91f8cb02,naukri
12614,2016-08-17 19:48:42,77165d7a2bb6a78998fdb8a05170226f,naukri
12831,2015-01-24 19:48:48,5ff276ac1af2dedf8422ac1780b55572,naukri
14081,2016-05-09 06:05:11,8c5bd8fa53e7ade151b43b7a1bb55117,naukri
14444,2016-05-11 06:05:32,8dc0d16156227b9c83099d9c5adde72c,naukri
14644,2016-05-11 06:05:42,3ff2c6c30cb16dcc4bda6dd776721519,naukri
14715,2016-03-17 06:05:47,b80458cf0723541b830dee3bc8c15c47,naukri
15256,2016-03-23 05:14:35,ead6c791a9879ebf3697fcd1faf395cc,naukri
15269,2016-05-19 17:36:05,7ce9f4329929292b2749b1c4309d8dfb,naukri
15273,2016-05-20 17:36:05,15008cd731078505b12492b34bffeb52,naukri
15407,2016-08-08 18:43:40,58903566751a7ea42bbd88f94fa807ab,naukri
15413,2016-08-08 18:43:40,8b629cf3b0d51202cc5b6cb7d9765009,naukri
15436,2016-09-03 18:43:42,8e71db7e15991f5f63e5f7816b40c85e,naukri
15552,2016-08-06 18:43:52,38aa11fb7b011266d9a33603f96769dc,naukri
15557,2016-08-05 18:43:52,97cd94900556a6623113e543a4bc10dd,naukri
15611,2016-08-06 18:43:58,9034d4fce58a4195e7ce3b5cb429a7ea,naukri
15614,2016-08-06 18:43:59,6463867dcb7e1fc835877a4f6465cb6b,naukri
15629,2016-08-05 18:44:01,23f175cd1fc0d2b859258d33cbd3810d,naukri
15647,2016-08-05 18:44:03,f3688faaf5e9ab13e00456f12c3b97a3,naukri
15652,2016-08-06 18:44:03,2ededb177521101730701f4466440ee6,naukri
15679,2016-08-05 18:44:08,85d184bdc485d9ca23c6d7a8e2067755,naukri
15756,2016-08-05 18:44:15,7689ac5dbfa6da621b4174af5aec3071,naukri
15763,2016-08-05 18:44:16,a8a49eee5bd94c4ede19407f37e5d204,naukri
15802,2016-09-02 18:44:20,20a43d51bf06f913fafeea98a1a9b35e,naukri
15842,2016-08-04 18:44:31,44aa455835298d6d8f6ee74ef7722a91,naukri
15863,2016-08-05 18:44:38,470550b042f1d2cac0769410301f61f0,naukri
16000,2015-12-29 02:23:30,1345cf8b23fe3a5f277b2ff9c73635d1,naukri
16142,2015-12-29 02:23:34,b5082fb4879d14cb34cfdebccbf6949d,naukri
16396,2015-12-29 02:23:40,197dbccab12d9630d913c5a5f61daddc,naukri
17144,2015-12-29 02:24:00,9a3565f343bc49b6a4d601c35615fef1,naukri
17174,2015-12-29 02:24:01,161a9a716377baa2b1d053f0b618b2cc,naukri
17294,2015-12-29 02:24:04,fce3747560d03a416c2fcf628df476e8,naukri
17337,2015-12-29 02:24:06,54939fa6da41227b91334aad2f3de804,naukri
17438,2015-12-29 02:24:09,09dee40e9db9960aa830d55f09e5b80a,naukri
17734,2015-12-29 02:24:17,1571b5e0c4f7d218608bfebc03c2672d,naukri
17890,2015-12-30 02:24:21,91e561ae35cda0040cb35f90dba2a5d6,naukri
18339,2015-11-23 22:17:40,bd4c7517ae7f9cf95834d6498fb1fb21,naukri
18402,2015-11-23 22:17:42,841a84ab9e90c35e2f5d244c3407badd,naukri
18437,2015-11-23 22:17:43,abb1d6ab33ac4ec2b07b366ba9d3954e,naukri
18592,2015-11-23 22:17:50,aa295f345f92ea8e8afad0c35afdd00c,naukri
18804,2015-11-23 22:17:57,2bfb5716c85634d366ec9393cde5e228,naukri
18846,2015-11-23 22:17:58,51307cd64c3cc7803f00a5e037c259f1,naukri
19342,2015-11-22 22:18:16,fe375ec57b9e845e3906e0e3b558f2f6,naukri
19353,2015-11-22 22:18:16,b806a9ac6a8c8ab45c6a978a6ecdfdc8,naukri
19605,2015-11-22 22:18:25,8ba2122178fa8c9d3e3991c0e33df7e3,naukri
19901,2015-11-22 22:18:35,af11e7086c93eca52929bbfeb11a9850,naukri
20031,2015-11-22 22:18:39,5747d378c557b5b10c8fd6bbfd9f63b8,naukri
20121,2015-11-22 22:18:42,935728db4fa4f80cf08782765ecd6f89,naukri
20239,2016-12-26 18:18:28,22fe2ff5b52b44486aad28a5f0f1a13b,naukri
20307,2016-12-27 18:18:32,ed7f183e3c0d9c64d1d6642d1588bf0e,naukri
20434,2016-12-22 18:18:38,896682ab9455afe837106e8e9d978328,naukri
20466,2017-01-04 18:18:39,29cebeac6517bd4d7e2ca21af9e865e8,naukri
20551,2016-12-23 18:18:43,a1704d84a68c37495ea0d425cd1b5081,naukri
20556,2016-12-23 18:18:44,c828a01a52b192e2c474a605e061ff0a,naukri
20663,2016-12-24 18:18:49,444e5f4c7b15d7a430e5146d70abfe8e,naukri
20677,2016-12-23 18:18:50,f1384c47a4c876a90f24ae07b07373c1,naukri
20696,2016-12-23 18:18:51,27fd760df761b069c217a6f76440711a,naukri
20737,2016-12-22 18:18:54,f0b4286b2c3be030f27831b8e3e612df,naukri
20827,2016-12-22 18:18:58,69cfcbd376d0156b33bc5dd6c1e1a7d2,naukri
20900,2016-12-22 18:19:02,6a98b42d7bf86add12370f18d00b330d,naukri
20929,2016-12-23 18:19:03,e91f0d2797f5111a6a0d83db238c0d46,naukri
20984,2016-12-22 18:19:07,cc0ec84c4bad85a3916b20a834064672,naukri
20997,2016-12-22 18:19:08,95805309439ff6c8045890d6bc2c1b09,naukri
21000,2016-12-22 18:19:08,dcd8c649a66dd4d53b5d7cbaee6becf1,naukri
21090,2016-12-23 18:19:15,cb43357a028ff18d42f12a18dd62d8db,naukri
21100,2016-12-23 18:19:15,e35f8a6b7fa05c9ffa8851ec01a897e3,naukri
21279,2016-12-22 18:19:23,b7c2812705467a5300dfb24202186a8d,naukri
21405,2016-12-21 18:19:29,c6376ade48fd56ace1d9ce7ebd5d2fbf,naukri
21665,2016-11-29 22:46:37,26a0de55dba025ba9abb534ac272cd82,naukri
21727,2016-11-29 22:46:47,fe9516311e5ae54faeccff712dabb941,naukri
21732,2016-11-29 22:46:47,430f03725d474784f09e220a878bd76c,naukri
21737,2016-11-29 22:46:48,3bd15747a3a29c9ff1a164fc5ec34d7d,naukri
21747,2016-11-29 22:46:49,ea8b9ea285312cebbe8e64b43eb81902,naukri
21802,2017-01-03 22:46:55,a16c2cba654e9ff2b6d312d550c7fefb,naukri
21829,2016-11-26 22:46:56,64277393c33ef0c6d18f9d3c64be097c,naukri
21836,2016-11-25 22:46:57,1b2526273e5689923d19a9337ea1cea8,naukri
21856,2016-11-26 22:46:58,d023a287c25f60349589e25354384031,naukri
21857,2016-11-28 22:46:58,34efbefe5884e2fafb8e2aa09b90da04,naukri
21869,2016-11-25 22:46:59,871de397f379e4550c23f4f74f7c2777,naukri
21935,2016-11-25 22:47:02,5e998de1e2e5b8fff9c42bd763b4f131,naukri
21977,2016-11-25 22:47:04,918f1b659a0fe8cdae1463b6149742ae,naukri
21979,2016-11-24 22:47:04,22bcf841b155fd65144dde52f80bb2a8,naukri
21989,2016-11-27 22:47:05,ffab4eafc21b305d655656b553c8d99a,naukri
