Date,"Artificial intelligence","Machine learning"
2015-07-01,5055,3104
2015-07-02,5083,2617
2015-07-03,4252,2074
2015-07-04,4250,1523
2015-07-05,4328,1665
2015-07-06,4944,2930
2015-07-07,4813,3133
2015-07-08,4731,2868
2015-07-09,4765,2987
2015-07-10,4181,2550
2015-07-11,3632,1686
2015-07-12,3818,1830
2015-07-13,5113,2999
2015-07-14,9890,3138
2015-07-15,5262,3144
2015-07-16,4417,2653
2015-07-17,4311,2433
2015-07-18,3904,1465
2015-07-19,4260,1691
2015-07-20,5138,2991
2015-07-21,5196,2964
2015-07-22,5500,2819
2015-07-23,4905,2743
2015-07-24,4265,2516
2015-07-25,3720,1703
2015-07-26,4299,1899
2015-07-27,5581,2914
2015-07-28,6422,3124
2015-07-29,5805,3149
2015-07-30,5079,2977
2015-07-31,5116,2697
2015-08-01,3973,1667
2015-08-02,4461,1750
2015-08-03,5017,2570
2015-08-04,4842,2893
2015-08-05,4974,2970
2015-08-06,5283,2746
2015-08-07,4487,2486
2015-08-08,3884,1750
2015-08-09,5019,1750
2015-08-10,5296,2575
2015-08-11,5443,3398
2015-08-12,5177,3311
2015-08-13,5068,3115
2015-08-14,4383,2678
2015-08-15,4026,1701
2015-08-16,4463,1989
2015-08-17,5145,2978
2015-08-18,4966,3111
2015-08-19,5320,3138
2015-08-20,5085,2909
2015-08-21,5160,2668
2015-08-22,4422,1690
2015-08-23,4758,1922
2015-08-24,5316,2912
2015-08-25,5333,3119
2015-08-26,5305,2941
2015-08-27,5302,2910
2015-08-28,5023,2682
2015-08-29,4229,1577
2015-08-30,4634,1887
2015-08-31,5250,3066
2015-09-01,5669,3244
2015-09-02,5677,3513
2015-09-03,5763,3200
2015-09-04,5009,2769
2015-09-05,4735,1687
2015-09-06,4995,1949
2015-09-07,6321,2817
2015-09-08,6826,3404
2015-09-09,6226,3618
2015-09-10,6507,3388
2015-09-11,5871,2854
2015-09-12,5078,1954
2015-09-13,5809,2058
2015-09-14,7205,3405
2015-09-15,7262,3559
2015-09-16,7048,3124
2015-09-17,6580,3209
2015-09-18,6087,2874
2015-09-19,5729,1847
2015-09-20,5721,2104
2015-09-21,6426,3320
2015-09-22,6956,3248
2015-09-23,6207,3090
2015-09-24,5935,2984
2015-09-25,6066,2744
2015-09-26,4935,1961
2015-09-27,5324,2023
2015-09-28,6785,3182
2015-09-29,7024,3328
2015-09-30,6656,3417
2015-10-01,5013,2982
2015-10-02,4472,2795
2015-10-03,3884,2019
2015-10-04,4581,2045
2015-10-05,5224,3233
2015-10-06,5818,3615
2015-10-07,5618,3563
2015-10-08,5392,3545
2015-10-09,4942,3450
2015-10-10,4157,2278
2015-10-11,4828,2176
2015-10-12,5807,3532
2015-10-13,5592,3476
2015-10-14,5599,3492
2015-10-15,5506,3432
2015-10-16,4731,3272
2015-10-17,3921,2163
2015-10-18,4565,2325
2015-10-19,5528,3555
2015-10-20,5385,3603
2015-10-21,5091,3244
2015-10-22,4653,3033
2015-10-23,4666,3161
2015-10-24,3545,2098
2015-10-25,4238,2269
2015-10-26,4964,3432
2015-10-27,5148,3595
2015-10-28,5259,3863
2015-10-29,4943,3618
2015-10-30,4472,3055
2015-10-31,3735,2006
2015-11-01,4419,2271
2015-11-02,5456,3341
2015-11-03,5333,3591
2015-11-04,5285,3662
2015-11-05,5190,3443
2015-11-06,4730,3308
2015-11-07,4007,2116
2015-11-08,4688,2324
2015-11-09,5996,3877
2015-11-10,7175,4242
2015-11-11,6157,4017
2015-11-12,5589,4244
2015-11-13,4600,3580
2015-11-14,4364,2256
2015-11-15,4555,2488
2015-11-16,5557,3743
2015-11-17,5528,3955
2015-11-18,5541,3709
2015-11-19,5900,3691
2015-11-20,4903,3468
2015-11-21,4021,2183
2015-11-22,4528,2472
2015-11-23,5536,3567
2015-11-24,5170,3627
2015-11-25,5337,3543
2015-11-26,4838,2997
2015-11-27,4711,2688
2015-11-28,4116,2085
2015-11-29,4893,2478
2015-11-30,5789,3767
2015-12-01,5835,3768
2015-12-02,5522,3807
2015-12-03,5645,3562
2015-12-04,5336,3329
2015-12-05,4334,2164
2015-12-06,4794,2613
2015-12-07,5800,3782
2015-12-08,6216,3680
2015-12-09,5894,3782
2015-12-10,5968,3727
2015-12-11,5786,3252
2015-12-12,5035,2346
2015-12-13,5307,2469
2015-12-14,6512,3689
2015-12-15,5739,3736
2015-12-16,5125,3386
2015-12-17,5489,3527
2015-12-18,5124,2965
2015-12-19,4110,1852
2015-12-20,3882,2007
2015-12-21,3913,2922
2015-12-22,3825,2934
2015-12-23,3521,2711
2015-12-24,2995,2086
2015-12-25,2778,1583
2015-12-26,3028,1661
2015-12-27,3345,1893
2015-12-28,3969,2675
2015-12-29,3852,2639
2015-12-30,3614,2593
2015-12-31,3085,1878
2016-01-01,2865,1530
2016-01-02,4125,1922
2016-01-03,3998,2051
2016-01-04,5761,3561
2016-01-05,5620,3624
2016-01-06,5210,3578
2016-01-07,4988,3610
2016-01-08,4871,3277
2016-01-09,3984,2195
2016-01-10,4558,2407
2016-01-11,5128,3648
2016-01-12,4794,3848
2016-01-13,5095,3706
2016-01-14,5052,3761
2016-01-15,4516,3245
2016-01-16,3624,2143
2016-01-17,4041,2398
2016-01-18,4905,3694
2016-01-19,5568,3989
2016-01-20,5152,3871
2016-01-21,4970,3770
2016-01-22,4852,3687
2016-01-23,3870,2449
2016-01-24,4788,2581
2016-01-25,5469,3905
2016-01-26,5856,3996
2016-01-27,6365,4436
2016-01-28,6914,4550
2016-01-29,5812,3922
2016-01-30,4415,2617
2016-01-31,5183,2638
2016-02-01,6121,4244
2016-02-02,5881,4132
2016-02-03,5764,4050
2016-02-04,5796,4262
2016-02-05,5119,3570
2016-02-06,4105,2399
2016-02-07,4413,2444
2016-02-08,5360,3660
2016-02-09,5485,3811
2016-02-10,5393,4024
2016-02-11,5184,3757
2016-02-12,4645,3255
2016-02-13,3810,2101
2016-02-14,4165,2291
2016-02-15,5374,3870
2016-02-16,5316,4003
2016-02-17,5321,3983
2016-02-18,5240,3925
2016-02-19,4959,3577
2016-02-20,3899,2349
2016-02-21,4424,2583
2016-02-22,5640,4284
2016-02-23,5605,4251
2016-02-24,5466,3927
2016-02-25,5719,4030
2016-02-26,4809,3492
2016-02-27,4386,2375
2016-02-28,4725,2575
2016-02-29,5887,4072
2016-03-01,5524,4264
2016-03-02,5430,3957
2016-03-03,5572,3979
2016-03-04,4816,3417
2016-03-05,3903,2245
2016-03-06,4351,2533
2016-03-07,5525,4110
2016-03-08,5550,4045
2016-03-09,6540,5290
2016-03-10,6946,5807
2016-03-11,6509,4601
2016-03-12,5899,3682
2016-03-13,6334,4053
2016-03-14,7376,5182
2016-03-15,7080,5356
2016-03-16,7811,4866
2016-03-17,7408,4671
2016-03-18,5891,3848
2016-03-19,4370,2672
2016-03-20,5090,2803
2016-03-21,6217,4177
2016-03-22,6128,4122
2016-03-23,5640,3885
2016-03-24,5202,3923
2016-03-25,4997,3395
2016-03-26,4475,2521
2016-03-27,4609,2610
2016-03-28,6182,3941
2016-03-29,6361,4520
2016-03-30,6356,4460
2016-03-31,5954,4025
2016-04-01,5333,3501
2016-04-02,4886,2323
2016-04-03,4396,2638
2016-04-04,6072,4033
2016-04-05,6551,4520
2016-04-06,5952,4599
2016-04-07,5939,4270
2016-04-08,4829,3653
2016-04-09,4279,2552
2016-04-10,4645,2755
2016-04-11,6008,4444
2016-04-12,6099,4513
2016-04-13,5774,4416
2016-04-14,5495,4268
2016-04-15,5667,3906
2016-04-16,4003,2795
2016-04-17,4777,2945
2016-04-18,5838,4303
2016-04-19,5932,4428
2016-04-20,6274,4400
2016-04-21,5837,4317
2016-04-22,4828,4106
2016-04-23,4738,2500
2016-04-24,4849,2817
2016-04-25,6932,4058
2016-04-26,6299,4314
2016-04-27,5961,4269
2016-04-28,6204,4367
2016-04-29,6718,3967
2016-04-30,5507,2461
2016-05-01,4991,2825
2016-05-02,6289,4090
2016-05-03,7192,4356
2016-05-04,6562,4157
2016-05-05,5488,4062
2016-05-06,6316,3565
2016-05-07,4288,2551
2016-05-08,4563,2750
2016-05-09,6060,4321
2016-05-10,6831,4513
2016-05-11,5875,4257
2016-05-12,5824,4277
2016-05-13,5477,3908
2016-05-14,5098,2585
2016-05-15,4936,2635
2016-05-16,6237,4139
2016-05-17,5835,4746
2016-05-18,6360,4823
2016-05-19,6418,5144
2016-05-20,5454,4459
2016-05-21,4351,2675
2016-05-22,5129,2902
2016-05-23,6410,4770
2016-05-24,6746,4952
2016-05-25,6861,4808
2016-05-26,6006,4494
2016-05-27,5652,4014
2016-05-28,5624,2530
2016-05-29,4534,2639
2016-05-30,5240,3756
2016-05-31,8760,4414
2016-06-01,5604,4652
2016-06-02,5854,4442
2016-06-03,5046,4005
2016-06-04,4281,2532
2016-06-05,4626,2810
2016-06-06,5637,4420
2016-06-07,6616,4701
2016-06-08,5780,4627
2016-06-09,5524,4489
2016-06-10,5016,3898
2016-06-11,4113,2363
2016-06-12,4636,2594
2016-06-13,5596,4353
2016-06-14,5661,4688
2016-06-15,5891,4715
2016-06-16,5470,4505
2016-06-17,4898,4078
2016-06-18,4089,2638
2016-06-19,4281,2543
2016-06-20,5513,4581
2016-06-21,5605,4811
2016-06-22,5278,4314
2016-06-23,5207,4467
2016-06-24,4655,3648
2016-06-25,3800,2341
2016-06-26,4443,2468
2016-06-27,5020,4081
2016-06-28,5509,4251
2016-06-29,5641,4275
2016-06-30,5078,4130
2016-07-01,4467,3506
2016-07-02,3606,2288
2016-07-03,4314,2244
2016-07-04,4955,3527
2016-07-05,5003,3855
2016-07-06,5099,3900
2016-07-07,4630,4239
2016-07-08,4815,3719
2016-07-09,4498,2229
2016-07-10,3980,2344
2016-07-11,5615,4157
2016-07-12,6337,4176
2016-07-13,4551,4339
2016-07-14,4558,3996
2016-07-15,4321,3479
2016-07-16,3998,2087
2016-07-17,3741,2401
2016-07-18,4439,4190
2016-07-19,4770,4210
2016-07-20,4583,4155
2016-07-21,4777,4166
2016-07-22,4303,3684
2016-07-23,3612,2329
2016-07-24,3970,2525
2016-07-25,4844,4349
2016-07-26,5246,4283
2016-07-27,4817,4137
2016-07-28,5408,4086
2016-07-29,3966,3849
2016-07-30,3382,2580
2016-07-31,3839,2498
2016-08-01,4697,4090
2016-08-02,5109,4174
2016-08-03,5338,4257
2016-08-04,4511,3902
2016-08-05,4332,3522
2016-08-06,4062,2429
2016-08-07,3496,2602
2016-08-08,4739,3890
2016-08-09,5622,3999
2016-08-10,5513,4174
2016-08-11,5627,3820
2016-08-12,4205,3292
2016-08-13,3733,2285
2016-08-14,3323,2392
2016-08-15,4214,3432
2016-08-16,4536,3824
2016-08-17,4317,4026
2016-08-18,4183,3815
2016-08-19,4883,3607
2016-08-20,3669,2254
2016-08-21,3631,2454
2016-08-22,4654,4172
2016-08-23,5232,4400
2016-08-24,4734,4360
2016-08-25,4896,4293
2016-08-26,4543,4413
2016-08-27,3974,2550
2016-08-28,4235,2765
2016-08-29,6308,4556
2016-08-30,5158,4434
2016-08-31,4947,4271
2016-09-01,4883,4084
2016-09-02,4504,4038
2016-09-03,3488,2527
2016-09-04,3679,2618
2016-09-05,4666,3705
2016-09-06,5253,4567
2016-09-07,5467,4756
2016-09-08,5966,4673
2016-09-09,4776,4067
2016-09-10,3776,2644
2016-09-11,4426,2853
2016-09-12,4922,4502
2016-09-13,5315,4594
2016-09-14,5375,4809
2016-09-15,7495,5788
2016-09-16,6731,5404
2016-09-17,7810,6337
2016-09-18,7305,6596
2016-09-19,9881,7608
2016-09-20,11386,10144
2016-09-21,13406,11909
2016-09-22,10886,9118
2016-09-23,5795,5315
2016-09-24,4708,3108
2016-09-25,4827,3299
2016-09-26,5873,5019
2016-09-27,6344,5269
2016-09-28,6454,5834
2016-09-29,9126,7949
2016-09-30,8906,7953
2016-10-01,6416,4952
2016-10-02,7491,5606
2016-10-03,10483,9158
2016-10-04,8709,7418
2016-10-05,6820,5328
2016-10-06,10656,9074
2016-10-07,8742,7790
2016-10-08,9124,7803
2016-10-09,9965,7191
2016-10-10,29289,26280
2016-10-11,35095,33046
2016-10-12,34955,32471
2016-10-13,12677,10838
2016-10-14,5805,4167
2016-10-15,5264,2724
2016-10-16,5441,3155
2016-10-17,6986,4987
2016-10-18,6859,4900
2016-10-19,6780,4871
2016-10-20,6943,4883
2016-10-21,6094,4212
2016-10-22,4704,3029
2016-10-23,5044,3140
2016-10-24,6868,5082
2016-10-25,6738,4948
2016-10-26,6720,5007
2016-10-27,6419,4609
2016-10-28,5867,3909
2016-10-29,4947,2631
2016-10-30,4907,2942
2016-10-31,6101,4479
2016-11-01,6216,4317
2016-11-02,6469,4709
2016-11-03,7603,4463
2016-11-04,6147,4201
2016-11-05,4633,2809
2016-11-06,5532,3286
2016-11-07,7144,5069
2016-11-08,6741,4829
2016-11-09,5873,3952
2016-11-10,6373,4606
2016-11-11,5362,3892
2016-11-12,4510,2865
2016-11-13,5760,3175
2016-11-14,7881,4694
2016-11-15,7377,4918
2016-11-16,7145,5137
2016-11-17,7477,4962
2016-11-18,7171,4402
2016-11-19,5236,2854
2016-11-20,6056,3332
2016-11-21,7407,5187
2016-11-22,7078,5213
2016-11-23,6600,4803
2016-11-24,5664,4091
2016-11-25,5235,3826
2016-11-26,4649,3009
2016-11-27,5254,3535
2016-11-28,7066,5363
2016-11-29,7246,5581
2016-11-30,6920,5300
2016-12-01,6802,5076
2016-12-02,6223,4351
2016-12-03,5081,2997
2016-12-04,5891,3381
2016-12-05,10444,5385
2016-12-06,7262,5064
2016-12-07,6803,4974
2016-12-08,6525,4906
2016-12-09,7266,4159
2016-12-10,5717,2783
2016-12-11,5234,3222
2016-12-12,7090,5025
2016-12-13,6975,4949
2016-12-14,6556,5003
2016-12-15,6797,4653
2016-12-16,5248,3862
2016-12-17,4192,2543
2016-12-18,5238,2995
2016-12-19,6687,4387
2016-12-20,6400,4423
2016-12-21,7428,4964
2016-12-22,6287,3932
2016-12-23,4689,3136
2016-12-24,3901,2221
2016-12-25,3785,2147
2016-12-26,4868,2805
2016-12-27,5382,3208
2016-12-28,5404,3374
2016-12-29,5059,3351
2016-12-30,4714,2938
2016-12-31,3783,2081
2017-01-01,3999,2207
2017-01-02,5710,3433
2017-01-03,6635,4646
2017-01-04,6795,4937
2017-01-05,8407,5465
2017-01-06,6967,4830
2017-01-07,7030,3790
2017-01-08,6138,3835
2017-01-09,7584,6049
2017-01-10,7348,6099
2017-01-11,7083,5712
2017-01-12,7098,5958
2017-01-13,6311,5160
2017-01-14,4849,3235
2017-01-15,5477,3309
2017-01-16,7050,5119
2017-01-17,7863,5582
2017-01-18,8255,5968
2017-01-19,6994,4940
2017-01-20,6649,4849
2017-01-21,4775,3064
2017-01-22,5571,3332
2017-01-23,7400,5479
2017-01-24,7663,5610
2017-01-25,7374,5177
2017-01-26,7568,5007
2017-01-27,6866,4414
2017-01-28,5827,2984
2017-01-29,5752,3047
2017-01-30,7296,5048
2017-01-31,7041,5205
2017-02-01,7196,5213
2017-02-02,7083,5332
2017-02-03,6391,4517
2017-02-04,5282,3051
2017-02-05,6025,3375
2017-02-06,7880,5413
2017-02-07,7816,5597
2017-02-08,7680,5369
2017-02-09,7249,5587
2017-02-10,6794,4700
2017-02-11,4980,2823
2017-02-12,5607,3206
2017-02-13,7514,5428
2017-02-14,7194,5170
2017-02-15,7644,5305
2017-02-16,8188,5684
2017-02-17,7052,5222
2017-02-18,6499,3168
2017-02-19,6063,3504
2017-02-20,7711,5422
2017-02-21,8356,5738
2017-02-22,8037,5756
2017-02-23,7606,5258
2017-02-24,6646,4704
2017-02-25,5130,3349
2017-02-26,5823,3733
2017-02-27,7544,5451
2017-02-28,8009,5513
2017-03-01,7772,5400
2017-03-02,7767,5324
2017-03-03,6982,4688
2017-03-04,5216,3035
2017-03-05,5866,3542
2017-03-06,7635,5367
2017-03-07,7841,5458
2017-03-08,7531,5347
2017-03-09,7522,5435
2017-03-10,6764,4623
2017-03-11,5298,3208
2017-03-12,6369,3450
2017-03-13,8414,5486
2017-03-14,9246,5491
2017-03-15,8086,5572
2017-03-16,9504,5480
2017-03-17,7780,4763
2017-03-18,5894,3573
2017-03-19,6020,3943
2017-03-20,7966,6086
2017-03-21,8653,5643
2017-03-22,7572,5924
2017-03-23,7492,5929
2017-03-24,6328,4835
2017-03-25,5995,3132
2017-03-26,5623,3611
2017-03-27,8103,5298
2017-03-28,9245,5614
2017-03-29,8289,5780
2017-03-30,8165,5770
2017-03-31,9404,4732
2017-04-01,5409,3097
2017-04-02,5987,3452
2017-04-03,7541,5187
2017-04-04,7384,5251
2017-04-05,7659,5295
2017-04-06,8165,5600
2017-04-07,6255,5012
2017-04-08,5089,3597
2017-04-09,6002,3631
2017-04-10,7640,5713
2017-04-11,8087,5476
2017-04-12,7230,5929
2017-04-13,6254,4919
2017-04-14,5301,4102
2017-04-15,4905,3012
2017-04-16,5261,3023
2017-04-17,7136,4811
2017-04-18,9041,7167
2017-04-19,8953,5791
2017-04-20,7463,5273
2017-04-21,6786,4941
2017-04-22,5255,3281
2017-04-23,5841,3296
2017-04-24,7985,5330
2017-04-25,8251,5631
2017-04-26,7575,5803
2017-04-27,7716,5425
2017-04-28,6232,4519
2017-04-29,4930,3002
2017-04-30,5298,3061
2017-05-01,6772,4360
2017-05-02,7793,5585
2017-05-03,7992,5398
2017-05-04,7766,5628
2017-05-05,7177,5235
2017-05-06,5948,3292
2017-05-07,7579,3561
2017-05-08,8144,5474
2017-05-09,7972,5860
2017-05-10,7733,6054
2017-05-11,8305,5796
2017-05-12,6685,5103
2017-05-13,5203,3471
2017-05-14,5982,3525
2017-05-15,8492,5856
2017-05-16,9602,6548
2017-05-17,8718,6745
2017-05-18,8779,7227
2017-05-19,7852,6194
2017-05-20,6308,4043
2017-05-21,6613,4124
2017-05-22,8535,6645
2017-05-23,8821,6619
2017-05-24,8227,6981
2017-05-25,7774,6453
2017-05-26,7184,5524
2017-05-27,5846,3585
2017-05-28,5838,3487
2017-05-29,7867,4950
2017-05-30,7937,6197
2017-05-31,8143,6458
2017-06-01,7051,5813
2017-06-02,6614,5323
2017-06-03,4868,3344
2017-06-04,5340,3544
2017-06-05,7254,5963
2017-06-06,7425,6978
2017-06-07,7592,6777
2017-06-08,7087,5664
2017-06-09,6549,5338
2017-06-10,5034,3588
2017-06-11,5519,3781
2017-06-12,7354,5824
2017-06-13,7418,5877
2017-06-14,7136,5567
2017-06-15,7140,5052
2017-06-16,6385,4681
2017-06-17,4972,2934
2017-06-18,5155,3174
2017-06-19,7105,5409
2017-06-20,7507,5543
2017-06-21,7465,5666
2017-06-22,7044,5616
2017-06-23,5955,4832
2017-06-24,4561,2958
2017-06-25,5022,2933
2017-06-26,7336,4755
2017-06-27,9199,5810
2017-06-28,6883,5332
2017-06-29,6617,5096
2017-06-30,5911,4702
2017-07-01,4537,2685
2017-07-02,4948,2994
2017-07-03,6575,4873
2017-07-04,6116,4666
2017-07-05,6620,4935
2017-07-06,6834,5148
2017-07-07,5881,4576
2017-07-08,4487,2936
2017-07-09,5349,3028
2017-07-10,6928,5088
2017-07-11,6742,5695
2017-07-12,7252,5345
2017-07-13,7374,5628
2017-07-14,8046,5204
2017-07-15,5122,3198
2017-07-16,5751,3173
2017-07-17,7938,5226
2017-07-18,7855,5556
2017-07-19,7392,5706
2017-07-20,7055,5784
2017-07-21,6746,5147
2017-07-22,4979,3248
2017-07-23,5108,3382
2017-07-24,7288,5615
2017-07-25,8680,5692
2017-07-26,9269,5739
2017-07-27,8681,5984
2017-07-28,7372,5322
2017-07-29,6603,3370
2017-07-30,6148,3740
2017-07-31,9766,5812
2017-08-01,11613,6487
2017-08-02,10466,6239
2017-08-03,9044,5766
2017-08-04,7386,5347
2017-08-05,6629,3391
2017-08-06,5790,3556
2017-08-07,7229,5574
2017-08-08,9473,6001
2017-08-09,8554,6271
2017-08-10,8353,6071
2017-08-11,7227,5195
2017-08-12,7066,3412
2017-08-13,7030,3557
2017-08-14,7992,5184
2017-08-15,7547,5304
2017-08-16,8203,5551
2017-08-17,8254,5547
2017-08-18,7339,5212
2017-08-19,5844,3424
2017-08-20,7957,3627
2017-08-21,9578,5451
2017-08-22,9734,6241
2017-08-23,9396,5931
2017-08-24,9222,5643
2017-08-25,7348,4606
2017-08-26,6184,3077
2017-08-27,6333,3453
2017-08-28,9740,5705
2017-08-29,8431,5747
2017-08-30,8639,5734
2017-08-31,8199,5766
2017-09-01,7808,4689
2017-09-02,8337,3261
2017-09-03,7907,3354
2017-09-04,13759,4806
2017-09-05,20501,6013
2017-09-06,12383,6064
2017-09-07,10581,6104
2017-09-08,10046,5273
2017-09-09,7804,3653
2017-09-10,8704,3910
2017-09-11,10679,6028
2017-09-12,10181,6362
2017-09-13,9887,6756
2017-09-14,10079,6597
2017-09-15,8740,5536
2017-09-16,7224,3712
2017-09-17,7779,3896
2017-09-18,11715,6437
2017-09-19,10088,6436
2017-09-20,9653,6157
2017-09-21,9550,6241
2017-09-22,8370,5345
2017-09-23,6745,3385
2017-09-24,7711,3820
2017-09-25,9655,6338
2017-09-26,9918,6662
2017-09-27,9344,6328
2017-09-28,8653,5629
2017-09-29,7305,4909
2017-09-30,5768,3325
2017-10-01,6369,3449
2017-10-02,8571,5319
2017-10-03,10635,5874
2017-10-04,9208,6183
2017-10-05,9534,6254
2017-10-06,8773,5610
2017-10-07,6807,3775
2017-10-08,8122,4017
2017-10-09,10224,6171
2017-10-10,10567,6280
2017-10-11,12215,6150
2017-10-12,9897,6170
2017-10-13,8733,5569
2017-10-14,6633,3589
2017-10-15,7641,3788
2017-10-16,9310,5751
2017-10-17,8953,5873
2017-10-18,8823,5834
2017-10-19,8936,5815
2017-10-20,8481,5472
2017-10-21,7003,3667
2017-10-22,7623,4037
2017-10-23,10535,6472
2017-10-24,11247,6732
2017-10-25,11378,6952
2017-10-26,10582,6687
2017-10-27,11713,5956
2017-10-28,8042,4080
2017-10-29,8951,4558
2017-10-30,11834,7219
2017-10-31,11180,8256
2017-11-01,12485,7586
2017-11-02,11124,7383
2017-11-03,10380,6756
2017-11-04,9415,4313
2017-11-05,9357,5082
2017-11-06,11921,7277
2017-11-07,12085,7599
2017-11-08,11916,7531
2017-11-09,11614,7264
2017-11-10,10125,6778
2017-11-11,7729,4271
2017-11-12,8683,4548
2017-11-13,11889,7421
2017-11-14,11519,7626
2017-11-15,11386,7927
2017-11-16,10764,7477
2017-11-17,10338,6785
2017-11-18,7934,4724
2017-11-19,8992,4713
2017-11-20,10914,7012
2017-11-21,11201,7133
2017-11-22,11056,6515
2017-11-23,9961,5990
2017-11-24,8597,5063
2017-11-25,8053,4041
2017-11-26,9429,4788
2017-11-27,12066,7581
2017-11-28,11836,7586
2017-11-29,11792,7618
2017-11-30,10912,7256
2017-12-01,9734,6656
2017-12-02,8008,4581
2017-12-03,10698,4842
2017-12-04,11647,7427
2017-12-05,11568,7660
2017-12-06,11673,7723
2017-12-07,11508,8289
2017-12-08,10007,7055
2017-12-09,7771,5181
2017-12-10,8885,5316
2017-12-11,10989,7558
2017-12-12,10867,7770
2017-12-13,10692,7630
2017-12-14,11171,8086
2017-12-15,9645,6820
2017-12-16,6959,4260
2017-12-17,7050,4519
2017-12-18,9413,6690
2017-12-19,9013,6923
2017-12-20,8838,36084
2017-12-21,9054,6617
2017-12-22,6639,4761
2017-12-23,5413,3250
2017-12-24,5561,3269
2017-12-25,6134,3543
2017-12-26,6984,4685
2017-12-27,7310,4940
2017-12-28,7232,4913
2017-12-29,6741,4264
2017-12-30,6154,3330
2017-12-31,6187,2903
2018-01-01,6646,3337
2018-01-02,9087,5675
2018-01-03,11103,6735
2018-01-04,9452,6307
2018-01-05,8949,5510
2018-01-06,7618,4103
2018-01-07,7313,8149
2018-01-08,11437,8205
2018-01-09,10517,7049
2018-01-10,10387,7257
2018-01-11,9892,6864
2018-01-12,9485,5985
2018-01-13,6665,3934
2018-01-14,8234,4191
2018-01-15,9865,6051
2018-01-16,10436,6745
2018-01-17,10915,6893
2018-01-18,10691,6895
2018-01-19,9612,6254
2018-01-20,7772,4007
2018-01-21,7952,4274
2018-01-22,10512,7097
2018-01-23,10982,7160
2018-01-24,11099,7141
2018-01-25,11719,6885
2018-01-26,9139,5850
2018-01-27,7280,3885
2018-01-28,8088,4326
2018-01-29,11198,7122
2018-01-30,10893,7221
2018-01-31,10404,7165
2018-02-01,9882,7102
2018-02-02,9120,6393
2018-02-03,6801,4105
2018-02-04,7269,4376
2018-02-05,9987,6942
2018-02-06,10260,6983
2018-02-07,11058,6977
2018-02-08,10897,7340
2018-02-09,8792,6303
2018-02-10,6701,4175
2018-02-11,7851,5089
2018-02-12,9895,7285
2018-02-13,10012,7065
2018-02-14,9504,6842
2018-02-15,9544,6493
2018-02-16,8516,5932
2018-02-17,6857,4005
2018-02-18,7765,4182
2018-02-19,10436,6565
2018-02-20,10756,7103
2018-02-21,11460,7249
2018-02-22,10810,7210
2018-02-23,9956,6352
2018-02-24,8334,4289
2018-02-25,8880,4556
2018-02-26,11572,7001
2018-02-27,10878,7723
2018-02-28,10277,7068
2018-03-01,10473,6892
2018-03-02,8699,6301
2018-03-03,7430,4094
2018-03-04,8931,4970
2018-03-05,11400,6972
2018-03-06,10911,7252
2018-03-07,10478,7324
2018-03-08,10412,6803
2018-03-09,9283,6124
2018-03-10,7425,4352
2018-03-11,8718,4678
2018-03-12,11265,7213
2018-03-13,11302,7553
2018-03-14,13301,7329
2018-03-15,12138,7326
2018-03-16,9966,6110
2018-03-17,8643,4257
2018-03-18,8603,4629
2018-03-19,11218,7316
2018-03-20,11162,7490
2018-03-21,10976,7376
2018-03-22,11068,7441
2018-03-23,9445,6210
2018-03-24,7628,4117
2018-03-25,8329,4520
2018-03-26,10492,7190
2018-03-27,10773,7208
2018-03-28,10334,6699
2018-03-29,9250,6197
2018-03-30,7553,5163
2018-03-31,7213,3887
2018-04-01,7211,3988
2018-04-02,9591,6143
2018-04-03,11718,7245
2018-04-04,9613,7162
2018-04-05,9676,6818
2018-04-06,9856,5980
2018-04-07,7535,3983
2018-04-08,8190,4652
2018-04-09,10511,6924
2018-04-10,11407,7152
2018-04-11,12332,7094
2018-04-12,11139,7094
2018-04-13,9950,6192
2018-04-14,6934,3759
2018-04-15,7961,4394
2018-04-16,10762,6732
2018-04-17,10694,6970
2018-04-18,10665,6900
2018-04-19,10917,7193
2018-04-20,9184,5662
2018-04-21,7327,3885
2018-04-22,8092,4279
2018-04-23,11294,6788
2018-04-24,11502,6948
2018-04-25,10870,6916
2018-04-26,10175,6714
2018-04-27,8673,5679
2018-04-28,6426,3926
2018-04-29,6960,4046
2018-04-30,9400,6313
2018-05-01,9251,6248
2018-05-02,10139,6416
2018-05-03,10523,7436
2018-05-04,9120,5769
2018-05-05,6943,3831
2018-05-06,8569,4186
2018-05-07,10507,6665
2018-05-08,11101,7047
2018-05-09,11908,7413
2018-05-10,11396,7268
2018-05-11,10072,6354
2018-05-12,8160,4738
2018-05-13,8547,4643
2018-05-14,11988,6910
2018-05-15,11413,7044
2018-05-16,11851,7148
2018-05-17,11486,6712
2018-05-18,9353,6006
2018-05-19,7328,4174
2018-05-20,7989,4271
2018-05-21,11340,6527
2018-05-22,11673,7245
2018-05-23,11274,6824
2018-05-24,11013,6891
2018-05-25,9303,5716
2018-05-26,7196,3730
2018-05-27,7887,3797
2018-05-28,10133,5664
2018-05-29,11491,6539
2018-05-30,10836,6487
2018-05-31,10065,6294
2018-06-01,8635,5483
2018-06-02,7635,3872
2018-06-03,9118,4126
2018-06-04,10569,6603
2018-06-05,10523,7015
2018-06-06,10156,6459
2018-06-07,11420,6569
2018-06-08,9307,5897
2018-06-09,7028,3729
2018-06-10,7471,4022
2018-06-11,9890,6419
2018-06-12,11971,6751
2018-06-13,9708,6665
2018-06-14,9278,6339
2018-06-15,7674,5067
2018-06-16,6331,3237
2018-06-17,6659,3585
2018-06-18,9445,6039
2018-06-19,9926,6535
2018-06-20,9738,6356
2018-06-21,9582,5891
2018-06-22,8234,5304
2018-06-23,6594,3412
2018-06-24,7439,3636
2018-06-25,9506,6179
2018-06-26,9618,6310
2018-06-27,9964,6159
2018-06-28,9156,6029
2018-06-29,7885,5246
2018-06-30,6572,3416
2018-07-01,7242,3486
2018-07-02,9546,5890
2018-07-03,9570,5914
2018-07-04,9553,5504
2018-07-05,9658,6207
2018-07-06,8194,5199
2018-07-07,6212,3377
2018-07-08,7729,3661
2018-07-09,10220,6362
2018-07-10,9547,6253
2018-07-11,9438,6320
2018-07-12,9449,6282
2018-07-13,8231,5453
2018-07-14,6751,3607
2018-07-15,6873,3551
2018-07-16,9068,6083
2018-07-17,11809,6402
2018-07-18,10096,6439
2018-07-19,9851,6271
2018-07-20,8351,5489
2018-07-21,6406,3962
2018-07-22,7166,3905
2018-07-23,9807,6326
2018-07-24,10324,6642
2018-07-25,10022,6681
2018-07-26,10194,6742
2018-07-27,9694,5736
2018-07-28,7389,3987
2018-07-29,7961,4016
2018-07-30,10902,7007
2018-07-31,10425,7074
2018-08-01,10580,6810
2018-08-02,10450,6514
2018-08-03,9112,5681
2018-08-04,7982,3995
2018-08-05,7188,3907
2018-08-06,10556,6311
2018-08-07,9950,6482
2018-08-08,9899,6512
2018-08-09,9599,6193
2018-08-10,8335,5519
2018-08-11,6981,3721
2018-08-12,7562,3980
2018-08-13,9704,6306
2018-08-14,9338,5970
2018-08-15,8943,5720
2018-08-16,10016,5981
2018-08-17,7778,5315
2018-08-18,6530,3490
2018-08-19,8353,3789
2018-08-20,8817,6159
2018-08-21,10832,6483
2018-08-22,8810,6052
2018-08-23,9388,5881
2018-08-24,7877,5289
2018-08-25,5985,3570
2018-08-26,6247,3536
2018-08-27,9466,6307
2018-08-28,10035,6670
2018-08-29,9941,6714
2018-08-30,9813,6461
2018-08-31,8744,5741
2018-09-01,6469,3708
2018-09-02,6967,3700
2018-09-03,9503,5383
2018-09-04,11990,6433
2018-09-05,9950,6353
2018-09-06,10402,6680
2018-09-07,9947,5870
2018-09-08,8227,4048
2018-09-09,8407,4184
2018-09-10,11236,6244
2018-09-11,11385,23184
2018-09-12,10673,23642
2018-09-13,9892,23362
2018-09-14,9376,23139
2018-09-15,7583,21202
2018-09-16,8056,22632
2018-09-17,10701,24071
2018-09-18,11290,24087
2018-09-19,10704,22927
2018-09-20,10738,23483
2018-09-21,9654,23596
2018-09-22,7275,21988
2018-09-23,7719,22178
2018-09-24,11038,23664
2018-09-25,10600,23410
2018-09-26,11209,23485
2018-09-27,10953,22404
